crawl_run_id,source,source_entity,city_query,page_number,listing_id,listing_url,title_raw,price_raw,price_currency_raw,price_numeric_raw,area_served_raw,availability_raw,price_valid_until_raw,scraped_at_utc,page_html_sha256
c0d434e0-b939-4d3c-85ab-055e74b99035,olx.pl,flat_rental_listing,wroclaw,1,19WSGp,https://www.olx.pl/d/oferta/odnajem-mieszkania-dwupoziomowego-we-wroclawiu-CID3-ID19WSGp.html?search_reason=search%7Cpromoted,Odnajem mieszkania  dwupoziomowego we Wrocławiu,3 200  zł,PLN,3200,"Wrocław, Fabryczna - 24 marca 2026",,,2026-03-28T11:26:19.167Z,527d83ac95989c7fd22fe63d44b85e1dd6a72caa01168938ae86df4fe3760522
c0d434e0-b939-4d3c-85ab-055e74b99035,olx.pl,flat_rental_listing,wroclaw,1,19LSMS,https://www.olx.pl/d/oferta/wynajem-mieszkania-we-wroclawiu-CID3-ID19LSMS.html?search_reason=search%7Cpromoted,Wynajem mieszkania  we Wrocławiu,2 000  zł,PLN,2000,"Wrocław, Krzyki - Odświeżono dnia 27 marca 2026",,,2026-03-28T11:26:19.167Z,527d83ac95989c7fd22fe63d44b85e1dd6a72caa01168938ae86df4fe3760522
c0d434e0-b939-4d3c-85ab-055e74b99035,olx.pl,flat_rental_listing,wroclaw,1,19TD9J,https://www.olx.pl/d/oferta/wynajem-mieszkania-wroclaw-popowice-CID3-ID19TD9J.html?search_reason=search%7Cpromoted,Wynajem mieszkania Wrocław- Popowice,5 000  zł,PLN,5000,"Wrocław, Fabryczna - Odświeżono dzisiaj o 11:19",,,2026-03-28T11:26:19.167Z,527d83ac95989c7fd22fe63d44b85e1dd6a72caa01168938ae86df4fe3760522
c0d434e0-b939-4d3c-85ab-055e74b99035,olx.pl,flat_rental_listing,wroclaw,1,19YRyE,https://www.olx.pl/d/oferta/wynajem-mieszkania-CID3-ID19YRyE.html?search_reason=search%7Corganic,Wynajem Mieszkania,2 500  zł,PLN,2500,"Wrocław, Stabłowice - Dzisiaj o 11:04",,,2026-03-28T11:26:19.167Z,527d83ac95989c7fd22fe63d44b85e1dd6a72caa01168938ae86df4fe3760522
c0d434e0-b939-4d3c-85ab-055e74b99035,olx.pl,flat_rental_listing,wroclaw,1,19T13X,https://www.olx.pl/d/oferta/wynajem-mieszkania-aleja-pracy-40m2-2pokoje-sloneczne-park-CID3-ID19T13X.html?search_reason=search%7Cpromoted,Wynajem mieszkania Aleja Pracy | 40m2 | 2pokoje | słoneczne | park,2 500  zł,PLN,2500,"Wrocław, Stare Miasto - Odświeżono dnia 27 marca 2026",,,2026-03-28T11:26:19.167Z,527d83ac95989c7fd22fe63d44b85e1dd6a72caa01168938ae86df4fe3760522
c0d434e0-b939-4d3c-85ab-055e74b99035,olx.pl,flat_rental_listing,wroclaw,1,19VTrX,https://www.olx.pl/d/oferta/wynajem-mieszkania-we-wroclawiu-blizniak-w-dzielnicy-gadow-CID3-ID19VTrX.html?search_reason=search%7Cpromoted,"Wynajem mieszkania we Wrocławiu, bliźniak w dzielnicy Gądów",2 300  zł,PLN,2300,"Wrocław, Stare Miasto - 26 marca 2026",,,2026-03-28T11:26:19.167Z,527d83ac95989c7fd22fe63d44b85e1dd6a72caa01168938ae86df4fe3760522
c0d434e0-b939-4d3c-85ab-055e74b99035,olx.pl,flat_rental_listing,wroclaw,1,19rcc1,https://www.olx.pl/d/oferta/wynajem-mieszkania-CID3-ID19rcc1.html?search_reason=search%7Cpromoted,wynajem mieszkania,2 400  zł,PLN,2400,"Wrocław, Psie Pole - 25 marca 2026",,,2026-03-28T11:26:19.167Z,527d83ac95989c7fd22fe63d44b85e1dd6a72caa01168938ae86df4fe3760522
c0d434e0-b939-4d3c-85ab-055e74b99035,olx.pl,flat_rental_listing,wroclaw,1,19IveV,https://www.olx.pl/d/oferta/wynajem-mieszkania-CID3-ID19IveV.html?search_reason=search%7Cpromoted,Wynajem mieszkania,2 650  zł,PLN,2650,"Wrocław, Fabryczna - Odświeżono dnia 15 marca 2026",,,2026-03-28T11:26:19.167Z,527d83ac95989c7fd22fe63d44b85e1dd6a72caa01168938ae86df4fe3760522
c0d434e0-b939-4d3c-85ab-055e74b99035,olx.pl,flat_rental_listing,wroclaw,1,19KXuu,https://www.olx.pl/d/oferta/mieszkanie-3-pokojowe-port-popowice-bialowieska-75-klimatyzacja-CID3-ID19KXuu.html?search_reason=search%7Cpromoted,"Mieszkanie 3 pokojowe, Port Popowice, Białowieska 75, klimatyzacja",3 790  zł,PLN,3790,"Wrocław, Stare Miasto - Odświeżono dnia 27 marca 2026",,,2026-03-28T11:26:19.167Z,527d83ac95989c7fd22fe63d44b85e1dd6a72caa01168938ae86df4fe3760522
c0d434e0-b939-4d3c-85ab-055e74b99035,olx.pl,flat_rental_listing,wroclaw,1,19YMQb,https://www.olx.pl/d/oferta/wynajme-mieszkanie-z-miejscem-parkingowym-CID3-ID19YMQb.html?search_reason=search%7Cpromoted,Wynajmę  mieszkanie z miejscem parkingowym,3 200  zł,PLN,3200,"Wrocław, Krzyki - Dzisiaj o 09:36",,,2026-03-28T11:26:19.167Z,527d83ac95989c7fd22fe63d44b85e1dd6a72caa01168938ae86df4fe3760522
c0d434e0-b939-4d3c-85ab-055e74b99035,olx.pl,flat_rental_listing,wroclaw,1,19QqzC,https://www.olx.pl/d/oferta/lokal-mieszkalny-we-wroclawiu-CID3-ID19QqzC.html?search_reason=search%7Corganic,lokal mieszkalny we Wrocławiu,2 850  zł,PLN,2850,"Wrocław, Śródmieście - 18 marca 2026",,,2026-03-28T11:26:19.167Z,527d83ac95989c7fd22fe63d44b85e1dd6a72caa01168938ae86df4fe3760522
c0d434e0-b939-4d3c-85ab-055e74b99035,olx.pl,flat_rental_listing,wroclaw,1,19PB7p,https://www.olx.pl/d/oferta/ul-mieszczanska-3-pok-balkon-od-01-04-CID3-ID19PB7p.html?search_reason=search%7Corganic,ul. Mieszczańska _ 3 pok _ balkon _ od 01.04.,3 800  zł,PLN,3800,"Wrocław, Śródmieście - 18 marca 2026",,,2026-03-28T11:26:19.167Z,527d83ac95989c7fd22fe63d44b85e1dd6a72caa01168938ae86df4fe3760522
c0d434e0-b939-4d3c-85ab-055e74b99035,olx.pl,flat_rental_listing,wroclaw,1,19Q7VS,https://www.olx.pl/d/oferta/3-pokoje-66-m-wroclaw-gaj-ul-klodzka-20-garaz-balkon-winda-o-CID3-ID19Q7VS.html?search_reason=search%7Cpromoted,"3 pokoje, 66 m², Wrocław, Gaj ul. Kłodzka 20, garaż, balkon, winda – o",3 200  zł,PLN,3200,"Wrocław, Krzyki - 26 marca 2026",,,2026-03-28T11:26:19.167Z,527d83ac95989c7fd22fe63d44b85e1dd6a72caa01168938ae86df4fe3760522
c0d434e0-b939-4d3c-85ab-055e74b99035,olx.pl,flat_rental_listing,wroclaw,1,19SoPq,https://www.olx.pl/d/oferta/wynajem-2-pok-38m-taras-na-grobli-centrum-pl-grunwaldzki-wroclaw-plen-CID3-ID19SoPq.html?search_reason=search%7Cpromoted,Wynajem 2 pok 38m² taras Na Grobli Centrum Pl Grunwaldzki Wrocław PLEN,2 700  zł,PLN,2700,"Wrocław, Śródmieście - Odświeżono dnia 26 marca 2026",,,2026-03-28T11:26:19.167Z,527d83ac95989c7fd22fe63d44b85e1dd6a72caa01168938ae86df4fe3760522
c0d434e0-b939-4d3c-85ab-055e74b99035,olx.pl,flat_rental_listing,wroclaw,2,19HeaJ,https://www.olx.pl/d/oferta/wynajme-ekskluzywna-kawalerke-legnicka-street-CID3-ID19HeaJ.html?search_reason=search%7Cpromoted,Wynajmę Ekskluzywną kawalerke - Legnicka STREET,2 350  zł,PLN,2350,"Wrocław, Stare Miasto - 08 marca 2026",,,2026-03-28T11:26:19.167Z,c7e7a2a865b9150f1d5a1cb71b332d4b762ae922454b0bc8803f4985fad13920
c0d434e0-b939-4d3c-85ab-055e74b99035,olx.pl,flat_rental_listing,wroclaw,2,19qSTc,https://www.olx.pl/d/oferta/przytulne-mieszkanie-2-pokoje-z-garazem-osiedle-cztery-pory-roku-CID3-ID19qSTc.html?search_reason=search%7Cpromoted,Przytulne mieszkanie 2 pokoje z garażem - osiedle Cztery Pory Roku,2 400  zł,PLN,2400,"Wrocław, Krzyki - Dzisiaj o 07:31",,,2026-03-28T11:26:19.167Z,c7e7a2a865b9150f1d5a1cb71b332d4b762ae922454b0bc8803f4985fad13920
c0d434e0-b939-4d3c-85ab-055e74b99035,olx.pl,flat_rental_listing,wroclaw,2,19Cgka,https://www.olx.pl/d/oferta/ladne-2-pokoje-srodmiescie-balkon-garaz-CID3-ID19Cgka.html?search_reason=search%7Corganic,Ładne - 2 pokoje - ŚRÓDMIEŚCIE - BALKON - GARAŻ,2 700  zł,PLN,2700,"Wrocław, Śródmieście - 02 marca 2026",,,2026-03-28T11:26:19.167Z,c7e7a2a865b9150f1d5a1cb71b332d4b762ae922454b0bc8803f4985fad13920
c0d434e0-b939-4d3c-85ab-055e74b99035,olx.pl,flat_rental_listing,wroclaw,2,19HNwP,https://www.olx.pl/d/oferta/mieszkanie-2-pokojowe-z-ogrodkiem-maslice-rezerwacja-do-31-03-CID3-ID19HNwP.html?search_reason=search%7Corganic,Mieszkanie 2 pokojowe z ogródkiem - Maślice | REZERWACJA do 31.03,3 650  zł,PLN,3650,"Wrocław, Fabryczna - 09 marca 2026",,,2026-03-28T11:26:19.167Z,c7e7a2a865b9150f1d5a1cb71b332d4b762ae922454b0bc8803f4985fad13920
c0d434e0-b939-4d3c-85ab-055e74b99035,olx.pl,flat_rental_listing,wroclaw,2,19VB6g,https://www.olx.pl/d/oferta/przytulny-pokoj-dla-dziewczyny-obok-sky-towera-9-m2-CID3-ID19VB6g.html?search_reason=search%7Cpromoted,"Przytulny pokój dla dziewczyny, obok Sky Towera, 9 m2",1 200  zł,PLN,1200,"Wrocław, Stare Miasto - 25 marca 2026",,,2026-03-28T11:26:19.167Z,c7e7a2a865b9150f1d5a1cb71b332d4b762ae922454b0bc8803f4985fad13920
c0d434e0-b939-4d3c-85ab-055e74b99035,olx.pl,flat_rental_listing,wroclaw,2,19EFUh,https://www.olx.pl/d/oferta/nowoczesne-mieszkanie-2-pokoje-CID3-ID19EFUh.html?search_reason=search%7Cpromoted,Nowoczesne mieszkanie 2 pokoje,2 600  zł,PLN,2600,"Wrocław, Krzyki - Odświeżono dnia 26 marca 2026",,,2026-03-28T11:26:19.167Z,c7e7a2a865b9150f1d5a1cb71b332d4b762ae922454b0bc8803f4985fad13920
c0d434e0-b939-4d3c-85ab-055e74b99035,olx.pl,flat_rental_listing,wroclaw,2,19JUxV,https://www.olx.pl/d/oferta/kawalerka-okolice-pl-grunwaldzkiego-cicha-po-remoncie-CID3-ID19JUxV.html?search_reason=search%7Cpromoted,"Kawalerka okolice pl. Grunwaldzkiego, cicha, po remoncie",1 900  zł,PLN,1900,"Wrocław, Stare Miasto - Odświeżono dnia 27 marca 2026",,,2026-03-28T11:26:19.167Z,c7e7a2a865b9150f1d5a1cb71b332d4b762ae922454b0bc8803f4985fad13920
c0d434e0-b939-4d3c-85ab-055e74b99035,olx.pl,flat_rental_listing,wroclaw,2,19WOXu,https://www.olx.pl/d/oferta/na-wynajem-nowoczesne-mieszkanie-2-pok-2100-oplaty-CID3-ID19WOXu.html?search_reason=search%7Cpromoted,"Na wynajem nowoczesne mieszkanie 2-pok, 2100+opłaty",2 100  zł,PLN,2100,"Wrocław, Krzyki - 24 marca 2026",,,2026-03-28T11:26:19.167Z,c7e7a2a865b9150f1d5a1cb71b332d4b762ae922454b0bc8803f4985fad13920
c0d434e0-b939-4d3c-85ab-055e74b99035,olx.pl,flat_rental_listing,wroclaw,2,19yT8y,https://www.olx.pl/d/oferta/wroclaw-centrum-mieszkanie-2-pokojowe-do-wynajecia-zaolzianska-4a-CID3-ID19yT8y.html?search_reason=search%7Cpromoted,Wrocław Centrum - Mieszkanie 2-pokojowe do wynajęcia Zaolziańska 4a,2 200  zł,PLN,2200,"Wrocław, Stare Miasto - 27 lutego 2026",,,2026-03-28T11:26:19.167Z,c7e7a2a865b9150f1d5a1cb71b332d4b762ae922454b0bc8803f4985fad13920
c0d434e0-b939-4d3c-85ab-055e74b99035,olx.pl,flat_rental_listing,wroclaw,3,19Tnxo,https://www.olx.pl/d/oferta/mieszkanie-2-pokojowe-z-osobna-kuchnia-i-balkonem-wroclaw-CID3-ID19Tnxo.html?search_reason=search%7Cpromoted,Mieszkanie 2 pokojowe z osobną kuchnią i balkonem – Wrocław,2 300  zł,PLN,2300,"Wrocław, Krzyki - Odświeżono dnia 23 marca 2026",,,2026-03-28T11:26:19.167Z,a0cb11a8f73263be4c6853664492f0e7ec1921a99089decc9ca75212404ccece
c0d434e0-b939-4d3c-85ab-055e74b99035,olx.pl,flat_rental_listing,wroclaw,3,17LNPO,https://www.olx.pl/d/oferta/2500-czynsz-mieszkanie-3-pok-od-zaraz-50m2-szczepin-legnicka-CID3-ID17LNPO.html?search_reason=search%7Cpromoted,2500 czynsz/ Mieszkanie 3 pok./ od ZARAZ/ 50m2/ Szczepin/ Legnicka,2 500  zł,PLN,2500,"Wrocław, Stare Miasto - 04 marca 2026",,,2026-03-28T11:26:19.167Z,a0cb11a8f73263be4c6853664492f0e7ec1921a99089decc9ca75212404ccece
c0d434e0-b939-4d3c-85ab-055e74b99035,olx.pl,flat_rental_listing,wroclaw,3,19Wtcv,https://www.olx.pl/d/oferta/do-wynajecia-2-pokojowe-mieszkanie-na-jagodnie-CID3-ID19Wtcv.html?search_reason=search%7Corganic,Do wynajecia 2 pokojowe mieszkanie na Jagodnie,2 500  zł,PLN,2500,"Wrocław, Krzyki - 24 marca 2026",,,2026-03-28T11:26:19.167Z,a0cb11a8f73263be4c6853664492f0e7ec1921a99089decc9ca75212404ccece
c0d434e0-b939-4d3c-85ab-055e74b99035,olx.pl,flat_rental_listing,wroclaw,3,19RJMi,https://www.olx.pl/d/oferta/mieszkanie-3-pokoje-67m2-kozanow-CID3-ID19RJMi.html?search_reason=search%7Corganic,Mieszkanie 3-pokoje 67m2 Kozanów,4 200  zł,PLN,4200,"Wrocław, Fabryczna - 19 marca 2026",,,2026-03-28T11:26:19.167Z,a0cb11a8f73263be4c6853664492f0e7ec1921a99089decc9ca75212404ccece
c0d434e0-b939-4d3c-85ab-055e74b99035,olx.pl,flat_rental_listing,wroclaw,3,17x7sm,https://www.olx.pl/d/oferta/mieszkanie-na-wynajem-upper-house-walonska-wroclaw-CID3-ID17x7sm.html?search_reason=search%7Cpromoted,"Mieszkanie na wynajem, Upper House, Walońska - Wrocław",2 300  zł,PLN,2300,"Wrocław, Śródmieście - 21 marca 2026",,,2026-03-28T11:26:19.167Z,a0cb11a8f73263be4c6853664492f0e7ec1921a99089decc9ca75212404ccece
c0d434e0-b939-4d3c-85ab-055e74b99035,olx.pl,flat_rental_listing,wroclaw,3,19WQ3S,https://www.olx.pl/d/oferta/wynajme-mieszkanie-w-willi-CID3-ID19WQ3S.html?search_reason=search%7Cpromoted,wynajmę mieszkanie w willi,3 000  zł,PLN,3000,"Wrocław, Krzyki - 24 marca 2026",,,2026-03-28T11:26:19.167Z,a0cb11a8f73263be4c6853664492f0e7ec1921a99089decc9ca75212404ccece
c0d434e0-b939-4d3c-85ab-055e74b99035,olx.pl,flat_rental_listing,wroclaw,3,19R8q3,https://www.olx.pl/d/oferta/kawalerka-garderoba-balkon-od-1-04-CID3-ID19R8q3.html?search_reason=search%7Corganic,Kawalerka | garderoba | balkon | OD 1.04,2 500  zł,PLN,2500,"Wrocław, Stare Miasto - 19 marca 2026",,,2026-03-28T11:26:19.167Z,a0cb11a8f73263be4c6853664492f0e7ec1921a99089decc9ca75212404ccece
c0d434e0-b939-4d3c-85ab-055e74b99035,olx.pl,flat_rental_listing,wroclaw,3,16UYht,https://www.olx.pl/d/oferta/kawalerka-przy-grabiszynskiej-88-przy-pereca-CID3-ID16UYht.html?search_reason=search%7Cpromoted,"Kawalerka przy Grabiszyńskiej 88, przy Pereca",2 000  zł,PLN,2000,"Wrocław, Fabryczna - Odświeżono dnia 25 marca 2026",,,2026-03-28T11:26:19.167Z,a0cb11a8f73263be4c6853664492f0e7ec1921a99089decc9ca75212404ccece
c0d434e0-b939-4d3c-85ab-055e74b99035,olx.pl,flat_rental_listing,wroclaw,3,198J07,https://www.olx.pl/d/oferta/mieszkanie-na-wynajem-CID3-ID198J07.html?search_reason=search%7Cpromoted,Mieszkanie na wynajem,3 000  zł,PLN,3000,"Wrocław, Krzyki - 06 marca 2026",,,2026-03-28T11:26:19.167Z,a0cb11a8f73263be4c6853664492f0e7ec1921a99089decc9ca75212404ccece
c0d434e0-b939-4d3c-85ab-055e74b99035,olx.pl,flat_rental_listing,wroclaw,3,19U68Z,https://www.olx.pl/d/oferta/wynajme-3-pokojowe-mieszkanie-wroclaw-kuzniki-CID3-ID19U68Z.html?search_reason=search%7Cpromoted,Wynajmę 3-pokojowe mieszkanie Wrocław Kuzniki.,3 500  zł,PLN,3500,"Wrocław, Fabryczna - Odświeżono dnia 27 marca 2026",,,2026-03-28T11:26:19.167Z,a0cb11a8f73263be4c6853664492f0e7ec1921a99089decc9ca75212404ccece
c0d434e0-b939-4d3c-85ab-055e74b99035,olx.pl,flat_rental_listing,wroclaw,3,19nkDW,https://www.olx.pl/d/oferta/wynajem-3pok-48m2-ksieze-male-wroclaw-CID3-ID19nkDW.html?search_reason=search%7Cpromoted,Wynajem 3pok 48m2 Księże Małe Wrocław,2 400  zł,PLN,2400,"Wrocław, Krzyki - Odświeżono dnia 26 marca 2026",,,2026-03-28T11:26:19.167Z,a0cb11a8f73263be4c6853664492f0e7ec1921a99089decc9ca75212404ccece
c0d434e0-b939-4d3c-85ab-055e74b99035,olx.pl,flat_rental_listing,wroclaw,3,19RgqY,https://www.olx.pl/d/oferta/klimatyzowane-mieszkanie-2-pok-pierwszy-najem-CID3-ID19RgqY.html?search_reason=search%7Cpromoted,Klimatyzowane mieszkanie 2 pok. pierwszy najem,3 000  zł,PLN,3000,"Wrocław, Krzyki - Odświeżono dnia 25 marca 2026",,,2026-03-28T11:26:19.167Z,a0cb11a8f73263be4c6853664492f0e7ec1921a99089decc9ca75212404ccece
c0d434e0-b939-4d3c-85ab-055e74b99035,olx.pl,flat_rental_listing,wroclaw,3,19Mpom,https://www.olx.pl/d/oferta/nowe-mieszkanie-przy-ul-hubskiej-z-garazem-CID3-ID19Mpom.html?search_reason=search%7Cpromoted,Nowe mieszkanie przy ul. Hubskiej z garażem,2 900  zł,PLN,2900,"Wrocław, Krzyki - Odświeżono dnia 27 marca 2026",,,2026-03-28T11:26:19.167Z,a0cb11a8f73263be4c6853664492f0e7ec1921a99089decc9ca75212404ccece
c0d434e0-b939-4d3c-85ab-055e74b99035,olx.pl,flat_rental_listing,wroclaw,3,19J2AE,https://www.olx.pl/d/oferta/3-pok-pelen-rozklad-piwnica-ul-hubska-CID3-ID19J2AE.html?search_reason=search%7Corganic,3-pok | pełen rozkład | Piwnica | ul. Hubska,3 000  zł,PLN,3000,"Wrocław, Krzyki - 10 marca 2026",,,2026-03-28T11:26:19.167Z,a0cb11a8f73263be4c6853664492f0e7ec1921a99089decc9ca75212404ccece
c0d434e0-b939-4d3c-85ab-055e74b99035,olx.pl,flat_rental_listing,wroclaw,3,19TJyY,https://www.olx.pl/d/oferta/9-minut-piechota-do-rynku-wroclawskiego-kawalerka-CID3-ID19TJyY.html?search_reason=search%7Corganic,9 minut piechotą do Rynku Wrocławskiego! Kawalerka,2 190  zł,PLN,2190,"Wrocław, Śródmieście - Odświeżono dnia 26 marca 2026",,,2026-03-28T11:26:19.167Z,a0cb11a8f73263be4c6853664492f0e7ec1921a99089decc9ca75212404ccece
c0d434e0-b939-4d3c-85ab-055e74b99035,olx.pl,flat_rental_listing,wroclaw,3,19LSMS,https://www.olx.pl/d/oferta/wynajem-mieszkania-we-wroclawiu-CID3-ID19LSMS.html?search_reason=search%7Corganic,Wynajem mieszkania  we Wrocławiu,2 000  zł,PLN,2000,"Wrocław, Krzyki - Odświeżono dnia 27 marca 2026",,,2026-03-28T11:26:19.167Z,a0cb11a8f73263be4c6853664492f0e7ec1921a99089decc9ca75212404ccece
c0d434e0-b939-4d3c-85ab-055e74b99035,olx.pl,flat_rental_listing,wroclaw,4,196JyE,https://www.olx.pl/d/oferta/mieszkanie-wroclaw-budziszynska-nowy-dwor-bezposrednio-fabryczna-CID3-ID196JyE.html?search_reason=search%7Cpromoted,Mieszkanie Wrocław Budziszyńska Nowy Dwór BEZPOŚREDNIO Fabryczna,2 800  zł,PLN,2800,"Wrocław, Fabryczna - Odświeżono dnia 25 marca 2026",,,2026-03-28T11:26:19.167Z,88651bf3b2d732b582b34d7234e0e248df510d64ed6c53b00b1ef78d42a996ff
c0d434e0-b939-4d3c-85ab-055e74b99035,olx.pl,flat_rental_listing,wroclaw,4,19TZhs,https://www.olx.pl/d/oferta/3-pokojowe-mieszkanie-brochow-wynajem-CID3-ID19TZhs.html?search_reason=search%7Cpromoted,3 pokojowe mieszkanie Brochów- wynajem,2 600  zł,PLN,2600,"Wrocław, Krzyki - Odświeżono dnia 26 marca 2026",,,2026-03-28T11:26:19.167Z,88651bf3b2d732b582b34d7234e0e248df510d64ed6c53b00b1ef78d42a996ff
c0d434e0-b939-4d3c-85ab-055e74b99035,olx.pl,flat_rental_listing,wroclaw,4,14jWkq,https://www.olx.pl/d/oferta/mieszkanie-z-osobnym-wejsciem-wroclaw-soltysowice-CID3-ID14jWkq.html?search_reason=search%7Corganic,Mieszkanie z osobnym wejsciem Wroclaw Sołtysowice.,1 800  zł,PLN,1800,"Wrocław, Psie Pole - 05 marca 2026",,,2026-03-28T11:26:19.167Z,88651bf3b2d732b582b34d7234e0e248df510d64ed6c53b00b1ef78d42a996ff
c0d434e0-b939-4d3c-85ab-055e74b99035,olx.pl,flat_rental_listing,wroclaw,4,19Ss8c,https://www.olx.pl/d/oferta/dwupokojowe-mieszkanie-pomorska-nadodrze-CID3-ID19Ss8c.html?search_reason=search%7Corganic,Dwupokojowe Mieszkanie Pomorska Nadodrze,4 000  zł,PLN,4000,"Wrocław, Stare Miasto - 20 marca 2026",,,2026-03-28T11:26:19.167Z,88651bf3b2d732b582b34d7234e0e248df510d64ed6c53b00b1ef78d42a996ff
c0d434e0-b939-4d3c-85ab-055e74b99035,olx.pl,flat_rental_listing,wroclaw,4,19V9us,https://www.olx.pl/d/oferta/mieszkanie-do-wynajecia-miejsce-postojowe-gratis-CID3-ID19V9us.html?search_reason=search%7Cpromoted,Mieszkanie do wynajęcia Miejsce postojowe gratis,2 650  zł,PLN,2650,"Wrocław, Fabryczna - 25 marca 2026",,,2026-03-28T11:26:19.167Z,88651bf3b2d732b582b34d7234e0e248df510d64ed6c53b00b1ef78d42a996ff
c0d434e0-b939-4d3c-85ab-055e74b99035,olx.pl,flat_rental_listing,wroclaw,4,19Fy0K,https://www.olx.pl/d/oferta/m-3-pok-z-balkonem-i-klimatyzacja-ul-strawinskiego-jagodno-parking-CID3-ID19Fy0K.html?search_reason=search%7Cpromoted,m. 3-pok. z balkonem i klimatyzacją/ul.Strawińskiego/Jagodno/ Parking,2 990  zł,PLN,2990,"Wrocław, Fabryczna - Odświeżono dnia 25 marca 2026",,,2026-03-28T11:26:19.167Z,88651bf3b2d732b582b34d7234e0e248df510d64ed6c53b00b1ef78d42a996ff
c0d434e0-b939-4d3c-85ab-055e74b99035,olx.pl,flat_rental_listing,wroclaw,4,19yR40,https://www.olx.pl/d/oferta/2-pok-akceptujemy-zwierzeta-bezposrednio-nowy-budynek-CID3-ID19yR40.html?search_reason=search%7Corganic,2 pok - akceptujemy zwierzęta | Bezpośrednio | Nowy budynek,2 600  zł,PLN,2600,"Wrocław, Fabryczna - Odświeżono dnia 20 marca 2026",,,2026-03-28T11:26:19.167Z,88651bf3b2d732b582b34d7234e0e248df510d64ed6c53b00b1ef78d42a996ff
c0d434e0-b939-4d3c-85ab-055e74b99035,olx.pl,flat_rental_listing,wroclaw,4,19W6QX,https://www.olx.pl/d/oferta/mieszkanie-centrum-wroclawa-73-m-3-pokoje-CID3-ID19W6QX.html?search_reason=search%7Corganic,Mieszkanie centrum Wrocława 73 m 3 pokoje,3 300  zł,PLN,3300,"Wrocław, Stare Miasto - 23 marca 2026",,,2026-03-28T11:26:19.167Z,88651bf3b2d732b582b34d7234e0e248df510d64ed6c53b00b1ef78d42a996ff
c0d434e0-b939-4d3c-85ab-055e74b99035,olx.pl,flat_rental_listing,wroclaw,4,19MTFA,https://www.olx.pl/d/oferta/2-pokoje-ul-miedzyleska-tarnogaj-balkon-parking-podziemny-klima-CID3-ID19MTFA.html?search_reason=search%7Corganic,"2 pokoje, ul. Międzyleska (Tarnogaj), balkon, parking podziemny, klima",3 000  zł,PLN,3000,"Wrocław, Krzyki - 14 marca 2026",,,2026-03-28T11:26:19.167Z,88651bf3b2d732b582b34d7234e0e248df510d64ed6c53b00b1ef78d42a996ff
c0d434e0-b939-4d3c-85ab-055e74b99035,olx.pl,flat_rental_listing,wroclaw,4,19DSPe,https://www.olx.pl/d/oferta/kawalerka-legnicka-street-ii-bezposrednio-CID3-ID19DSPe.html?search_reason=search%7Cpromoted,Kawalerka Legnicka Street II bezpośrednio,2 000  zł,PLN,2000,"Wrocław, Stare Miasto - Odświeżono dnia 27 marca 2026",,,2026-03-28T11:26:19.167Z,88651bf3b2d732b582b34d7234e0e248df510d64ed6c53b00b1ef78d42a996ff
c0d434e0-b939-4d3c-85ab-055e74b99035,olx.pl,flat_rental_listing,wroclaw,4,18RPBr,https://www.olx.pl/d/oferta/nowoczesne-mieszkanie-blisko-rynku-pierwszy-najem-niski-czynsz-CID3-ID18RPBr.html?search_reason=search%7Cpromoted,Nowoczesne mieszkanie blisko rynku . Pierwszy najem. Niski czynsz,2 750  zł,PLN,2750,"Wrocław, Śródmieście - Odświeżono dnia 27 marca 2026",,,2026-03-28T11:26:19.167Z,88651bf3b2d732b582b34d7234e0e248df510d64ed6c53b00b1ef78d42a996ff
c0d434e0-b939-4d3c-85ab-055e74b99035,olx.pl,flat_rental_listing,wroclaw,4,19FKYk,https://www.olx.pl/d/oferta/mieszkanie-nowe-bud-2-pok-centrum-CID3-ID19FKYk.html?search_reason=search%7Corganic,Mieszkanie Nowe Bud. 2 pok Centrum,2 600  zł,PLN,2600,"Wrocław, Krzyki - 06 marca 2026",,,2026-03-28T11:26:19.167Z,88651bf3b2d732b582b34d7234e0e248df510d64ed6c53b00b1ef78d42a996ff
c0d434e0-b939-4d3c-85ab-055e74b99035,olx.pl,flat_rental_listing,wroclaw,4,19R8tz,https://www.olx.pl/d/oferta/wynajme-mieszkanie-3-pokoje-garaz-i-silownia-zielen-CID3-ID19R8tz.html?search_reason=search%7Corganic,Wynajmę mieszkanie 3 pokoje | garaż I siłownia | zieleń |,3 700  zł,PLN,3700,"Wrocław, Krzyki - Odświeżono dnia 25 marca 2026",,,2026-03-28T11:26:19.167Z,88651bf3b2d732b582b34d7234e0e248df510d64ed6c53b00b1ef78d42a996ff
c0d434e0-b939-4d3c-85ab-055e74b99035,olx.pl,flat_rental_listing,wroclaw,5,19Xjdj,https://www.olx.pl/d/oferta/bezposrednio-nowe-budownictwo-ul-ziemowita-11-2-pokojegaraz-CID3-ID19Xjdj.html?search_reason=search%7Cpromoted,Bezpośrednio - Nowe budownictwo * Ul. Ziemowita 11 * 2-pokoje*garaż*,2 950  zł,PLN,2950,"Wrocław, Stare Miasto - 26 marca 2026",,,2026-03-28T11:26:19.167Z,1536dbb1f397d0df28a0ebd715b4cb09cb43284a5d21dc82a315b2f55648cae0
c0d434e0-b939-4d3c-85ab-055e74b99035,olx.pl,flat_rental_listing,wroclaw,5,19W1dv,https://www.olx.pl/d/oferta/wynajme-komfortowa-kawalerke-22-m-CID3-ID19W1dv.html?search_reason=search%7Cpromoted,Wynajmę komfortową kawalerkę 22 m²,2 100  zł,PLN,2100,"Wrocław, Fabryczna - 23 marca 2026",,,2026-03-28T11:26:19.167Z,1536dbb1f397d0df28a0ebd715b4cb09cb43284a5d21dc82a315b2f55648cae0
c0d434e0-b939-4d3c-85ab-055e74b99035,olx.pl,flat_rental_listing,wroclaw,5,18O0KQ,https://www.olx.pl/d/oferta/mieszkanie-60-m-2-osobne-pokoje-balkon-miejsce-postojowe-CID3-ID18O0KQ.html?search_reason=search%7Cpromoted,"Mieszkanie 60 m² – 2 osobne pokoje, balkon, miejsce postojowe",2 600  zł,PLN,2600,"Wrocław, Stare Miasto - Odświeżono dnia 25 marca 2026",,,2026-03-28T11:26:19.167Z,1536dbb1f397d0df28a0ebd715b4cb09cb43284a5d21dc82a315b2f55648cae0
c0d434e0-b939-4d3c-85ab-055e74b99035,olx.pl,flat_rental_listing,wroclaw,5,19Pdcb,https://www.olx.pl/d/oferta/dwupokojowe-mieszkanie-w-centrum-CID3-ID19Pdcb.html?search_reason=search%7Corganic,Dwupokojowe mieszkanie w centrum,2 700  zł,PLN,2700,"Wrocław, Krzyki - 17 marca 2026",,,2026-03-28T11:26:19.167Z,1536dbb1f397d0df28a0ebd715b4cb09cb43284a5d21dc82a315b2f55648cae0
c0d434e0-b939-4d3c-85ab-055e74b99035,olx.pl,flat_rental_listing,wroclaw,5,19Dor7,https://www.olx.pl/d/oferta/przestronne-3-pok-balkon-garaz-klecina-CID3-ID19Dor7.html?search_reason=search%7Corganic,Przestronne 3-pok | Balkon | Garaż | Klecina,3 500  zł,PLN,3500,"Wrocław, Krzyki - 04 marca 2026",,,2026-03-28T11:26:19.167Z,1536dbb1f397d0df28a0ebd715b4cb09cb43284a5d21dc82a315b2f55648cae0
c0d434e0-b939-4d3c-85ab-055e74b99035,olx.pl,flat_rental_listing,wroclaw,5,19Xdeb,https://www.olx.pl/d/oferta/pl-ua-prestizowy-apartament-nad-odra-marina-klima-silownia-ochrona-CID3-ID19Xdeb.html?search_reason=search%7Corganic,PL/UA Prestiżowy Apartament nad Odrą | Marina | Klima Siłownia Ochrona,3 000  zł,PLN,3000,"Wrocław, Śródmieście - 26 marca 2026",,,2026-03-28T11:26:19.167Z,1536dbb1f397d0df28a0ebd715b4cb09cb43284a5d21dc82a315b2f55648cae0
c0d434e0-b939-4d3c-85ab-055e74b99035,olx.pl,flat_rental_listing,wroclaw,5,19TDoP,https://www.olx.pl/d/oferta/przytulne-mieszkanie-dwupoziomowe-CID3-ID19TDoP.html?search_reason=search%7Cpromoted,Przytulne mieszkanie dwupoziomowe,3 400  zł,PLN,3400,"Wrocław, Fabryczna - 22 marca 2026",,,2026-03-28T11:26:19.167Z,1536dbb1f397d0df28a0ebd715b4cb09cb43284a5d21dc82a315b2f55648cae0
c0d434e0-b939-4d3c-85ab-055e74b99035,olx.pl,flat_rental_listing,wroclaw,5,19O54W,https://www.olx.pl/d/oferta/do-wynajecia-tania-kawalerka-blisko-centrum-wroclaw-CID3-ID19O54W.html?search_reason=search%7Corganic,Do wynajęcia tania kawalerka blisko centrum . Wroclaw,1 450  zł,PLN,1450,"Wrocław, Stare Miasto - 15 marca 2026",,,2026-03-28T11:26:19.167Z,1536dbb1f397d0df28a0ebd715b4cb09cb43284a5d21dc82a315b2f55648cae0
c0d434e0-b939-4d3c-85ab-055e74b99035,olx.pl,flat_rental_listing,wroclaw,5,19KJIg,https://www.olx.pl/d/oferta/nieruchomosci-wynajem-mieszkania-CID3-ID19KJIg.html?search_reason=search%7Corganic,nieruchomości wynajem mieszkania,2 750  zł,PLN,2750,"Wrocław, Krzyki - 12 marca 2026",,,2026-03-28T11:26:19.167Z,1536dbb1f397d0df28a0ebd715b4cb09cb43284a5d21dc82a315b2f55648cae0
c0d434e0-b939-4d3c-85ab-055e74b99035,olx.pl,flat_rental_listing,wroclaw,5,19Rdrw,https://www.olx.pl/d/oferta/nowoczesne-2-pok-mieszkanie-z-osobna-kuchnia-bezposrednio-jaworska-CID3-ID19Rdrw.html?search_reason=search%7Corganic,Nowoczesne 2-pok mieszkanie z osobną kuchnią | Bezpośrednio | Jaworska,2 600  zł,PLN,2600,"Wrocław, Stare Miasto - Odświeżono dnia 27 marca 2026",,,2026-03-28T11:26:19.167Z,1536dbb1f397d0df28a0ebd715b4cb09cb43284a5d21dc82a315b2f55648cae0
c0d434e0-b939-4d3c-85ab-055e74b99035,olx.pl,flat_rental_listing,wroclaw,5,19YbiN,https://www.olx.pl/d/oferta/przestronne-mieszkanie-na-wynajem-w-sercu-wroclawia-rynek-jodlowa-CID3-ID19YbiN.html?search_reason=search%7Corganic,"Przestronne mieszkanie na wynajem w sercu Wrocławia – Rynek, Jodłowa",2 500  zł,PLN,2500,"Wrocław, Stare Miasto - 27 marca 2026",,,2026-03-28T11:26:19.167Z,1536dbb1f397d0df28a0ebd715b4cb09cb43284a5d21dc82a315b2f55648cae0
c0d434e0-b939-4d3c-85ab-055e74b99035,olx.pl,flat_rental_listing,wroclaw,5,19nHue,https://www.olx.pl/d/oferta/2-pokoje-drabika-bezposrednio-CID3-ID19nHue.html?search_reason=search%7Corganic,2 pokoje / Drabika / Bezpośrednio,2 400  zł,PLN,2400,"Wrocław, Krzyki - 13 marca 2026",,,2026-03-28T11:26:19.167Z,1536dbb1f397d0df28a0ebd715b4cb09cb43284a5d21dc82a315b2f55648cae0
c0d434e0-b939-4d3c-85ab-055e74b99035,olx.pl,flat_rental_listing,wroclaw,5,19zFeZ,https://www.olx.pl/d/oferta/mieszkanie-obornicka-dwa-pokoje-balkon-komorka-CID3-ID19zFeZ.html?search_reason=search%7Cpromoted,"Mieszkanie obornicka dwa pokoje balkon, komórka",2 700  zł,PLN,2700,"Wrocław, Psie Pole - 28 lutego 2026",,,2026-03-28T11:26:19.167Z,1536dbb1f397d0df28a0ebd715b4cb09cb43284a5d21dc82a315b2f55648cae0
c0d434e0-b939-4d3c-85ab-055e74b99035,olx.pl,flat_rental_listing,wroclaw,5,19A5Et,https://www.olx.pl/d/oferta/mieszkanie-40-m2-idealne-dla-pary-lub-1-osoby-swietna-lokalizacja-CID3-ID19A5Et.html?search_reason=search%7Cpromoted,"Mieszkanie 40 m2 idealne dla pary lub 1 osoby świetna lokalizacja,",2 500  zł,PLN,2500,"Wrocław, Fabryczna - Odświeżono dnia 25 marca 2026",,,2026-03-28T11:26:19.167Z,1536dbb1f397d0df28a0ebd715b4cb09cb43284a5d21dc82a315b2f55648cae0
c0d434e0-b939-4d3c-85ab-055e74b99035,olx.pl,flat_rental_listing,wroclaw,5,19Xdvw,https://www.olx.pl/d/oferta/pl-ua-mieszkanie-3-pokoje-osobna-kuchnia-balkon-cena-do-negocjacji-CID3-ID19Xdvw.html?search_reason=search%7Corganic,PL/UA Mieszkanie 3 Pokoje | Osobna Kuchnia | Balkon Cena do Negocjacji,3 500  zł,PLN,3500,"Wrocław, Krzyki - 26 marca 2026",,,2026-03-28T11:26:19.167Z,1536dbb1f397d0df28a0ebd715b4cb09cb43284a5d21dc82a315b2f55648cae0
c0d434e0-b939-4d3c-85ab-055e74b99035,olx.pl,flat_rental_listing,wroclaw,5,19X77l,https://www.olx.pl/d/oferta/wroclaw-niezalezna-kawalerka-kepa-mieszczanska-CID3-ID19X77l.html?search_reason=search%7Corganic,"Wrocław niezależna kawalerka, Kępa Mieszczańska",1 800  zł,PLN,1800,"Wrocław, Stare Miasto - 26 marca 2026",,,2026-03-28T11:26:19.167Z,1536dbb1f397d0df28a0ebd715b4cb09cb43284a5d21dc82a315b2f55648cae0
c0d434e0-b939-4d3c-85ab-055e74b99035,olx.pl,flat_rental_listing,wroclaw,5,19GpOM,https://www.olx.pl/d/oferta/wynajme-mieszkanie-65m2-4-pok-loggia-piwnica-maslice-super-lokalizacja-CID3-ID19GpOM.html?search_reason=search%7Cpromoted,Wynajmę mieszkanie 65m2 4-pok loggia piwnica Maślice Super Lokalizacja,4 000  zł,PLN,4000,"Wrocław, Fabryczna - Odświeżono dnia 25 marca 2026",,,2026-03-28T11:26:19.167Z,1536dbb1f397d0df28a0ebd715b4cb09cb43284a5d21dc82a315b2f55648cae0
c0d434e0-b939-4d3c-85ab-055e74b99035,olx.pl,flat_rental_listing,wroclaw,5,19POOm,https://www.olx.pl/d/oferta/mieszkanie-3-pokoje-i-salon-z-duza-lazienka-blisko-centrum-CID3-ID19POOm.html?search_reason=search%7Cpromoted,Mieszkanie 3 pokoje i salon z dużą łazienką blisko centrum,2 800  zł,PLN,2800,"Wrocław, Śródmieście - 17 marca 2026",,,2026-03-28T11:26:19.167Z,1536dbb1f397d0df28a0ebd715b4cb09cb43284a5d21dc82a315b2f55648cae0
c0d434e0-b939-4d3c-85ab-055e74b99035,olx.pl,flat_rental_listing,wroclaw,5,19Juzq,https://www.olx.pl/d/oferta/mieszkanie-2-pok-w-centrm-CID3-ID19Juzq.html?search_reason=search%7Cpromoted,Mieszkanie 2 pok. w Centrm,2 300  zł,PLN,2300,"Wrocław, Śródmieście - Odświeżono dnia 26 marca 2026",,,2026-03-28T11:26:19.167Z,1536dbb1f397d0df28a0ebd715b4cb09cb43284a5d21dc82a315b2f55648cae0
c0d434e0-b939-4d3c-85ab-055e74b99035,olx.pl,flat_rental_listing,wroclaw,5,19Csjv,https://www.olx.pl/d/oferta/2pok-mieszkanie-taras-lipa-piotrowska-CID3-ID19Csjv.html?search_reason=search%7Corganic,2pok. mieszkanie | Taras | Lipa Piotrowska,2 600  zł,PLN,2600,"Wrocław, Psie Pole - 04 marca 2026",,,2026-03-28T11:26:19.167Z,1536dbb1f397d0df28a0ebd715b4cb09cb43284a5d21dc82a315b2f55648cae0
c0d434e0-b939-4d3c-85ab-055e74b99035,olx.pl,flat_rental_listing,wroclaw,5,19PgTm,https://www.olx.pl/d/oferta/przestronna-kawalerka-duze-lozko-pets-friendly-centrum-wroclawia-CID3-ID19PgTm.html?search_reason=search%7Corganic,Przestronna kawalerka - duże łóżko | Pets Friendly | Centrum Wrocławia,2 100  zł,PLN,2100,"Wrocław, Stare Miasto - Odświeżono dnia 25 marca 2026",,,2026-03-28T11:26:19.167Z,1536dbb1f397d0df28a0ebd715b4cb09cb43284a5d21dc82a315b2f55648cae0
c0d434e0-b939-4d3c-85ab-055e74b99035,olx.pl,flat_rental_listing,wroclaw,5,19zOv0,https://www.olx.pl/d/oferta/srodmiescie-ul-srutowa-3pok-balkon-garaz-CID3-ID19zOv0.html?search_reason=search%7Corganic,Śródmieście_ul. Śrutowa_3pok_balkon_garaż,3 500  zł,PLN,3500,"Wrocław, Śródmieście - 28 lutego 2026",,,2026-03-28T11:26:19.167Z,1536dbb1f397d0df28a0ebd715b4cb09cb43284a5d21dc82a315b2f55648cae0
c0d434e0-b939-4d3c-85ab-055e74b99035,olx.pl,flat_rental_listing,wroclaw,6,19JcSm,https://www.olx.pl/d/oferta/mieszkanie-do-wynajecia-zwycieska-wroclaw-CID3-ID19JcSm.html?search_reason=search%7Corganic,Mieszkanie do wynajęcia Zwycięska Wrocław,3 000  zł,PLN,3000,Wysoka - 10 marca 2026,,,2026-03-28T11:26:19.167Z,011c65b5937dc74a94b6b2500496ec925a327f615c979e8f21d509b3b84d338b
c0d434e0-b939-4d3c-85ab-055e74b99035,olx.pl,flat_rental_listing,wroclaw,6,19uIlH,https://www.olx.pl/d/oferta/2-pokoje-open-space-styl-loft-ul-sliczna-3-300-zl-CID3-ID19uIlH.html?search_reason=search%7Cpromoted,2 pokoje/ open space/ styl loft | ul. Śliczna |3 300 zł,3 300  zł,PLN,3300,"Wrocław, Krzyki - Odświeżono dnia 25 marca 2026",,,2026-03-28T11:26:19.167Z,011c65b5937dc74a94b6b2500496ec925a327f615c979e8f21d509b3b84d338b
c0d434e0-b939-4d3c-85ab-055e74b99035,olx.pl,flat_rental_listing,wroclaw,6,GVSPx,https://www.olx.pl/d/oferta/wroclaw-stare-miasto-plac-legionow-bezposrednio-old-town-for-rent-CID3-IDGVSPx.html?search_reason=search%7Cpromoted,"Wrocław, Stare Miasto, Plac Legionów; BEZPOŚREDNIO. Old Town for rent",2 800  zł,PLN,2800,"Wrocław, Stare Miasto - 22 marca 2026",,,2026-03-28T11:26:19.167Z,011c65b5937dc74a94b6b2500496ec925a327f615c979e8f21d509b3b84d338b
c0d434e0-b939-4d3c-85ab-055e74b99035,olx.pl,flat_rental_listing,wroclaw,6,19VWtN,https://www.olx.pl/d/oferta/przytulne-mieszkanie-w-centrum-CID3-ID19VWtN.html?search_reason=search%7Corganic,Przytulne Mieszkanie w Centrum ^^,3 100  zł,PLN,3100,"Wrocław, Krzyki - 26 marca 2026",,,2026-03-28T11:26:19.167Z,011c65b5937dc74a94b6b2500496ec925a327f615c979e8f21d509b3b84d338b
c0d434e0-b939-4d3c-85ab-055e74b99035,olx.pl,flat_rental_listing,wroclaw,6,19UBXs,https://www.olx.pl/d/oferta/nabor-gwarantowany-najem-ze-zwolnieniem-z-podatku-dochodowego-CID3-ID19UBXs.html?search_reason=search%7Corganic,Nabór - gwarantowany najem ze zwolnieniem z podatku dochodowego,2 000  zł,PLN,2000,"Wrocław, Fabryczna - 23 marca 2026",,,2026-03-28T11:26:19.167Z,011c65b5937dc74a94b6b2500496ec925a327f615c979e8f21d509b3b84d338b
c0d434e0-b939-4d3c-85ab-055e74b99035,olx.pl,flat_rental_listing,wroclaw,6,19KB47,https://www.olx.pl/d/oferta/mieszkanie-do-wynajecia-wojszyce-CID3-ID19KB47.html?search_reason=search%7Cpromoted,Mieszkanie do wynajęcia Wojszyce,2 600  zł,PLN,2600,"Wrocław, Krzyki - Odświeżono dnia 26 marca 2026",,,2026-03-28T11:26:19.167Z,011c65b5937dc74a94b6b2500496ec925a327f615c979e8f21d509b3b84d338b
c0d434e0-b939-4d3c-85ab-055e74b99035,olx.pl,flat_rental_listing,wroclaw,6,19PrgJ,https://www.olx.pl/d/oferta/biskupin-3-pokojowe-balkon-garaz-komorka-lokatorska-CID3-ID19PrgJ.html?search_reason=search%7Corganic,"Biskupin-3 pokojowe ,balkon, garaż, komórka lokatorska",3 300  zł,PLN,3300,"Wrocław, Śródmieście - 17 marca 2026",,,2026-03-28T11:26:19.167Z,011c65b5937dc74a94b6b2500496ec925a327f615c979e8f21d509b3b84d338b
c0d434e0-b939-4d3c-85ab-055e74b99035,olx.pl,flat_rental_listing,wroclaw,6,19HRew,https://www.olx.pl/d/oferta/calosc-2100-zl-kawalerka-z-antresola-36m2-ul-grabiszynska-CID3-ID19HRew.html?search_reason=search%7Corganic,"całość 2100 zł / Kawalerka z antresolą, 36m2, ul. Grabiszyńska",2100  zł,PLN,2100,"Wrocław, Stare Miasto - Odświeżono dnia 18 marca 2026",,,2026-03-28T11:26:19.167Z,011c65b5937dc74a94b6b2500496ec925a327f615c979e8f21d509b3b84d338b
c0d434e0-b939-4d3c-85ab-055e74b99035,olx.pl,flat_rental_listing,wroclaw,6,19U68Z,https://www.olx.pl/d/oferta/wynajme-3-pokojowe-mieszkanie-wroclaw-kuzniki-CID3-ID19U68Z.html?search_reason=search%7Corganic,Wynajmę 3-pokojowe mieszkanie Wrocław Kuzniki.,3 500  zł,PLN,3500,"Wrocław, Fabryczna - Odświeżono dnia 27 marca 2026",,,2026-03-28T11:26:19.167Z,011c65b5937dc74a94b6b2500496ec925a327f615c979e8f21d509b3b84d338b
c0d434e0-b939-4d3c-85ab-055e74b99035,olx.pl,flat_rental_listing,wroclaw,6,19zr82,https://www.olx.pl/d/oferta/kawalerka-krzyki-gaj-CID3-ID19zr82.html?search_reason=search%7Corganic,Kawalerka Krzyki Gaj,2 200  zł,PLN,2200,"Wrocław, Krzyki - 27 lutego 2026",,,2026-03-28T11:26:19.167Z,011c65b5937dc74a94b6b2500496ec925a327f615c979e8f21d509b3b84d338b
c0d434e0-b939-4d3c-85ab-055e74b99035,olx.pl,flat_rental_listing,wroclaw,6,19C7GL,https://www.olx.pl/d/oferta/mieszkanie-40m2-2-pok-garaz-oporow-chachaja-CID3-ID19C7GL.html?search_reason=search%7Corganic,"Mieszkanie 40m2, 2 pok., garaż, Oporów, Chachaja",2 800  zł,PLN,2800,"Wrocław, Krzyki - Odświeżono dnia 16 marca 2026",,,2026-03-28T11:26:19.167Z,011c65b5937dc74a94b6b2500496ec925a327f615c979e8f21d509b3b84d338b
c0d434e0-b939-4d3c-85ab-055e74b99035,olx.pl,flat_rental_listing,wroclaw,6,19WrNn,https://www.olx.pl/d/oferta/nowoczesne-mieszkanie-w-centrum-CID3-ID19WrNn.html?search_reason=search%7Corganic,Nowoczesne mieszkanie w centrum,4 300  zł,PLN,4300,"Wrocław, Krzyki - 24 marca 2026",,,2026-03-28T11:26:19.167Z,011c65b5937dc74a94b6b2500496ec925a327f615c979e8f21d509b3b84d338b
c0d434e0-b939-4d3c-85ab-055e74b99035,olx.pl,flat_rental_listing,wroclaw,6,19RTII,https://www.olx.pl/d/oferta/2-pokojowe-mieszkanie-z-balkonem-45-m-wroclaw-ul-piekna-CID3-ID19RTII.html?search_reason=search%7Corganic,"2-pokojowe mieszkanie z balkonem | 45 m² | Wrocław, ul. Piękna",3 000  zł,PLN,3000,"Wrocław, Krzyki - 20 marca 2026",,,2026-03-28T11:26:19.167Z,011c65b5937dc74a94b6b2500496ec925a327f615c979e8f21d509b3b84d338b
c0d434e0-b939-4d3c-85ab-055e74b99035,olx.pl,flat_rental_listing,wroclaw,6,19URmo,https://www.olx.pl/d/oferta/wynajem-mieszkania-CID3-ID19URmo.html?search_reason=search%7Corganic,wynajem mieszkania,2 000  zł,PLN,2000,"Wrocław, Stare Miasto - 23 marca 2026",,,2026-03-28T11:26:19.167Z,011c65b5937dc74a94b6b2500496ec925a327f615c979e8f21d509b3b84d338b
c0d434e0-b939-4d3c-85ab-055e74b99035,olx.pl,flat_rental_listing,wroclaw,6,19PRpQ,https://www.olx.pl/d/oferta/jasne-mieszkanie-2pokojowe-z-klimatyzacja-45m2-dostepne-od-zaraz-CID3-ID19PRpQ.html?search_reason=search%7Cpromoted,"Jasne mieszkanie 2pokojowe z klimatyzacją, 45m2, dostepne od zaraz",2 950  zł,PLN,2950,"Wrocław, Stare Miasto - 17 marca 2026",,,2026-03-28T11:26:19.167Z,011c65b5937dc74a94b6b2500496ec925a327f615c979e8f21d509b3b84d338b
c0d434e0-b939-4d3c-85ab-055e74b99035,olx.pl,flat_rental_listing,wroclaw,6,19I8i7,https://www.olx.pl/d/oferta/2pokojowe-zwierzeta-mile-widziane-nowy-budynek-2025-od-zaraz-CID3-ID19I8i7.html?search_reason=search%7Cpromoted,2‑pokojowe  | Zwierzęta mile widziane | Nowy budynek 2025 | od zaraz,2 450  zł,PLN,2450,"Wrocław, Stare Miasto - Odświeżono dnia 27 marca 2026",,,2026-03-28T11:26:19.167Z,011c65b5937dc74a94b6b2500496ec925a327f615c979e8f21d509b3b84d338b
c0d434e0-b939-4d3c-85ab-055e74b99035,olx.pl,flat_rental_listing,wroclaw,6,19AnN8,https://www.olx.pl/d/oferta/wynajem-mieszkanie-2-pokoje-36m2-okolice-plac-grunwaldzki-CID3-ID19AnN8.html?search_reason=search%7Cpromoted,Wynajem mieszkanie 2-pokoje- 36m2  -okolice Plac Grunwaldzki.,2 150  zł,PLN,2150,"Wrocław, Śródmieście - Odświeżono dzisiaj o 00:38",,,2026-03-28T11:26:19.167Z,011c65b5937dc74a94b6b2500496ec925a327f615c979e8f21d509b3b84d338b
c0d434e0-b939-4d3c-85ab-055e74b99035,olx.pl,flat_rental_listing,wroclaw,6,19rn6L,https://www.olx.pl/d/oferta/duzy-apartamen-na-wynajem-parking-swiatlowod-monitoring-CID3-ID19rn6L.html?search_reason=search%7Corganic,"Duży Apartamen na wynajem, parking, swiatlowod,monitoring",3 850  zł,PLN,3850,"Wrocław, Psie Pole - 27 marca 2026",,,2026-03-28T11:26:19.167Z,011c65b5937dc74a94b6b2500496ec925a327f615c979e8f21d509b3b84d338b
c0d434e0-b939-4d3c-85ab-055e74b99035,olx.pl,flat_rental_listing,wroclaw,6,19QqKF,https://www.olx.pl/d/oferta/wynajme-przestronne-mieszkanie-2p-na-gadowie-CID3-ID19QqKF.html?search_reason=search%7Corganic,Wynajmę przestronne mieszkanie 2p na Gądowie,2 700  zł,PLN,2700,"Wrocław, Fabryczna - 18 marca 2026",,,2026-03-28T11:26:19.167Z,011c65b5937dc74a94b6b2500496ec925a327f615c979e8f21d509b3b84d338b
c0d434e0-b939-4d3c-85ab-055e74b99035,olx.pl,flat_rental_listing,wroclaw,6,19RWvJ,https://www.olx.pl/d/oferta/wynajem-mieszkania-dwupokojowego-CID3-ID19RWvJ.html?search_reason=search%7Corganic,Wynajem mieszkania dwupokojowego.,2 450  zł,PLN,2450,"Wrocław, Psie Pole - 20 marca 2026",,,2026-03-28T11:26:19.167Z,011c65b5937dc74a94b6b2500496ec925a327f615c979e8f21d509b3b84d338b
c0d434e0-b939-4d3c-85ab-055e74b99035,olx.pl,flat_rental_listing,wroclaw,7,19GGye,https://www.olx.pl/d/oferta/wynajme-mieszkanie-2-pokojowe-na-popowicach-CID3-ID19GGye.html?search_reason=search%7Cpromoted,Wynajmę mieszkanie 2-pokojowe na Popowicach,2 900  zł,PLN,2900,"Wrocław, Stare Miasto - Odświeżono dnia 13 marca 2026",,,2026-03-28T11:26:19.167Z,e9448fdd24fe8d7fec43c0b29b00735c9c58eaaee4a4f142c6f313b5d38aa988
c0d434e0-b939-4d3c-85ab-055e74b99035,olx.pl,flat_rental_listing,wroclaw,7,19T23c,https://www.olx.pl/d/oferta/2-pokojowe-mieszkanie-blisko-centrum-CID3-ID19T23c.html?search_reason=search%7Corganic,2-pokojowe mieszkanie blisko centrum,2 000  zł,PLN,2000,"Wrocław, Krzyki - 22 marca 2026",,,2026-03-28T11:26:19.167Z,e9448fdd24fe8d7fec43c0b29b00735c9c58eaaee4a4f142c6f313b5d38aa988
c0d434e0-b939-4d3c-85ab-055e74b99035,olx.pl,flat_rental_listing,wroclaw,7,19RLJG,https://www.olx.pl/d/oferta/olimpia-port-2-pokoje-balkon-miejsce-parkingowe-CID3-ID19RLJG.html?search_reason=search%7Corganic,"Olimpia Port, 2 pokoje, balkon, miejsce parkingowe",2 800  zł,PLN,2800,"Wrocław, Śródmieście - 20 marca 2026",,,2026-03-28T11:26:19.167Z,e9448fdd24fe8d7fec43c0b29b00735c9c58eaaee4a4f142c6f313b5d38aa988
c0d434e0-b939-4d3c-85ab-055e74b99035,olx.pl,flat_rental_listing,wroclaw,7,19wwli,https://www.olx.pl/d/oferta/wynajme-mieszkanie-wroclaw-25m2-klosna-CID3-ID19wwli.html?search_reason=search%7Corganic,"Wynajmę mieszkanie Wrocław,  25m2  Kłośna",2 550  zł,PLN,2550,"Wrocław, Stare Miasto - 26 marca 2026",,,2026-03-28T11:26:19.167Z,e9448fdd24fe8d7fec43c0b29b00735c9c58eaaee4a4f142c6f313b5d38aa988
c0d434e0-b939-4d3c-85ab-055e74b99035,olx.pl,flat_rental_listing,wroclaw,7,19P7oz,https://www.olx.pl/d/oferta/2-pokoje-jutrzenki-bez-prowizji-CID3-ID19P7oz.html?search_reason=search%7Corganic,2 pokoje | Jutrzenki | Bez prowizji,2 800  zł,PLN,2800,"Wrocław, Krzyki - 17 marca 2026",,,2026-03-28T11:26:19.167Z,e9448fdd24fe8d7fec43c0b29b00735c9c58eaaee4a4f142c6f313b5d38aa988
c0d434e0-b939-4d3c-85ab-055e74b99035,olx.pl,flat_rental_listing,wroclaw,7,149KLq,https://www.olx.pl/d/oferta/mikro-kawalerka-13m2-od-wlasciciela-apartment-13m2-rent-from-owner-CID3-ID149KLq.html?search_reason=search%7Cpromoted,Mikro Kawalerka 13m2 od właściciela - APARTMENT 13m2 rent from owner,990  zł,PLN,990,"Katowice, Załęże - Odświeżono dnia 27 marca 2026",,,2026-03-28T11:26:19.167Z,e9448fdd24fe8d7fec43c0b29b00735c9c58eaaee4a4f142c6f313b5d38aa988
c0d434e0-b939-4d3c-85ab-055e74b99035,olx.pl,flat_rental_listing,wroclaw,7,19PenQ,https://www.olx.pl/d/oferta/2-pokojowe-pets-friendly-bezposrednio-od-zaraz-CID3-ID19PenQ.html?search_reason=search%7Cpromoted,2 Pokojowe | Pets Friendly | Bezpośrednio | Od zaraz,2 500  zł,PLN,2500,"Wrocław, Stare Miasto - Odświeżono dnia 23 marca 2026",,,2026-03-28T11:26:19.167Z,e9448fdd24fe8d7fec43c0b29b00735c9c58eaaee4a4f142c6f313b5d38aa988
c0d434e0-b939-4d3c-85ab-055e74b99035,olx.pl,flat_rental_listing,wroclaw,7,19Sx4B,https://www.olx.pl/d/oferta/mieszkanie-wynajem-wroclaw-zakrzow-CID3-ID19Sx4B.html?search_reason=search%7Cpromoted,Mieszkanie wynajem Wrocław Zakrzów,3 000  zł,PLN,3000,"Wrocław, Psie Pole - 20 marca 2026",,,2026-03-28T11:26:19.167Z,e9448fdd24fe8d7fec43c0b29b00735c9c58eaaee4a4f142c6f313b5d38aa988
c0d434e0-b939-4d3c-85ab-055e74b99035,olx.pl,flat_rental_listing,wroclaw,7,19CviI,https://www.olx.pl/d/oferta/kawalerka-w-centrum-miasta-blisko-uniwersytetu-wroclawskiego-CID3-ID19CviI.html?search_reason=search%7Corganic,Kawalerka w centrum miasta blisko Uniwersytetu Wrocławskiego,1 800  zł,PLN,1800,"Wrocław, Stare Miasto - 03 marca 2026",,,2026-03-28T11:26:19.167Z,e9448fdd24fe8d7fec43c0b29b00735c9c58eaaee4a4f142c6f313b5d38aa988
c0d434e0-b939-4d3c-85ab-055e74b99035,olx.pl,flat_rental_listing,wroclaw,7,19WH9b,https://www.olx.pl/d/oferta/na-wynajem-mieszkanie-2-pokojowe-traugutta-niskie-laki-CID3-ID19WH9b.html?search_reason=search%7Cpromoted,"Na wynajem – mieszkanie 2-pokojowe (Traugutta , Niskie Łąki)",2 500  zł,PLN,2500,"Wrocław, Śródmieście - Odświeżono dnia 27 marca 2026",,,2026-03-28T11:26:19.167Z,e9448fdd24fe8d7fec43c0b29b00735c9c58eaaee4a4f142c6f313b5d38aa988
c0d434e0-b939-4d3c-85ab-055e74b99035,olx.pl,flat_rental_listing,wroclaw,7,19OmYi,https://www.olx.pl/d/oferta/nowoczesne-mieszkanie-balkon-i-miejsce-postojowe-CID3-ID19OmYi.html?search_reason=search%7Corganic,"Nowoczesne mieszkanie, balkon i miejsce postojowe",2 000  zł,PLN,2000,"Wrocław, Śródmieście - 16 marca 2026",,,2026-03-28T11:26:19.167Z,e9448fdd24fe8d7fec43c0b29b00735c9c58eaaee4a4f142c6f313b5d38aa988
c0d434e0-b939-4d3c-85ab-055e74b99035,olx.pl,flat_rental_listing,wroclaw,7,19Jrnz,https://www.olx.pl/d/oferta/dmowskiego-dwa-balkony-3-pokoje-ru-CID3-ID19Jrnz.html?search_reason=search%7Corganic,"Dmowskiego /dwa balkony/ 3 pokoje, RU",4 000  zł,PLN,4000,"Wrocław, Stare Miasto - 10 marca 2026",,,2026-03-28T11:26:19.167Z,e9448fdd24fe8d7fec43c0b29b00735c9c58eaaee4a4f142c6f313b5d38aa988
c0d434e0-b939-4d3c-85ab-055e74b99035,olx.pl,flat_rental_listing,wroclaw,7,12GEyG,https://www.olx.pl/d/oferta/nowoczesna-kawalerka-na-wynajem-ul-krzywoustego-od-24-02-2026-CID3-ID12GEyG.html?search_reason=search%7Corganic,Nowoczesna kawalerka na wynajem – ul. Krzywoustego. Od 24.02.2026,1 950  zł,PLN,1950,"Wrocław, Psie Pole - 27 marca 2026",,,2026-03-28T11:26:19.167Z,e9448fdd24fe8d7fec43c0b29b00735c9c58eaaee4a4f142c6f313b5d38aa988
c0d434e0-b939-4d3c-85ab-055e74b99035,olx.pl,flat_rental_listing,wroclaw,7,19KCRZ,https://www.olx.pl/d/oferta/dwupokojowe-mieszkanie-do-wynajecia-we-wroclawiu-CID3-ID19KCRZ.html?search_reason=search%7Corganic,Dwupokojowe mieszkanie do wynajęcia we Wrocławiu,2 900  zł,PLN,2900,"Wrocław, Śródmieście - Odświeżono dnia 26 marca 2026",,,2026-03-28T11:26:19.167Z,e9448fdd24fe8d7fec43c0b29b00735c9c58eaaee4a4f142c6f313b5d38aa988
c0d434e0-b939-4d3c-85ab-055e74b99035,olx.pl,flat_rental_listing,wroclaw,7,19Wm44,https://www.olx.pl/d/oferta/mieszkanie-do-wynajecia-ul-przyjazni-wroclaw-CID3-ID19Wm44.html?search_reason=search%7Corganic,"Mieszkanie do wynajecia ul. Przyjazni, Wroclaw",2 800  zł,PLN,2800,"Wrocław, Krzyki - 24 marca 2026",,,2026-03-28T11:26:19.167Z,e9448fdd24fe8d7fec43c0b29b00735c9c58eaaee4a4f142c6f313b5d38aa988
c0d434e0-b939-4d3c-85ab-055e74b99035,olx.pl,flat_rental_listing,wroclaw,7,19PaFJ,https://www.olx.pl/d/oferta/mieszkanie-jagodno-CID3-ID19PaFJ.html?search_reason=search%7Corganic,Mieszkanie Jagodno,3 000  zł,PLN,3000,"Wrocław, Krzyki - 17 marca 2026",,,2026-03-28T11:26:19.167Z,e9448fdd24fe8d7fec43c0b29b00735c9c58eaaee4a4f142c6f313b5d38aa988
c0d434e0-b939-4d3c-85ab-055e74b99035,olx.pl,flat_rental_listing,wroclaw,7,19FhsV,https://www.olx.pl/d/oferta/mieszkanie-bezczynszowe-3-pokojowe-bezposrednio-od-wlasciciela-CID3-ID19FhsV.html?search_reason=search%7Cpromoted,Mieszkanie bezczynszowe 3 pokojowe  bezpośrednio od właściciela,3 000  zł,PLN,3000,"Wrocław, Krzyki - Odświeżono dnia 27 marca 2026",,,2026-03-28T11:26:19.167Z,e9448fdd24fe8d7fec43c0b29b00735c9c58eaaee4a4f142c6f313b5d38aa988
c0d434e0-b939-4d3c-85ab-055e74b99035,olx.pl,flat_rental_listing,wroclaw,7,19BjCy,https://www.olx.pl/d/oferta/mieszkanie-do-wynajecia-CID3-ID19BjCy.html?search_reason=search%7Cpromoted,Mieszkanie do wynajęcia,2 600  zł,PLN,2600,"Wrocław, Krzyki - Odświeżono dnia 25 marca 2026",,,2026-03-28T11:26:19.167Z,e9448fdd24fe8d7fec43c0b29b00735c9c58eaaee4a4f142c6f313b5d38aa988
c0d434e0-b939-4d3c-85ab-055e74b99035,olx.pl,flat_rental_listing,wroclaw,7,19S6Bn,https://www.olx.pl/d/oferta/3-pok-balkon-ul-rybacka-po-remoncie-CID3-ID19S6Bn.html?search_reason=search%7Corganic,3 pok. | Balkon | ul. Rybacka | po remoncie,3 600  zł,PLN,3600,"Wrocław, Stare Miasto - 20 marca 2026",,,2026-03-28T11:26:19.167Z,e9448fdd24fe8d7fec43c0b29b00735c9c58eaaee4a4f142c6f313b5d38aa988
c0d434e0-b939-4d3c-85ab-055e74b99035,olx.pl,flat_rental_listing,wroclaw,7,19YGAM,https://www.olx.pl/d/oferta/mieszkanie-2-pokojowe-ul-obornicka-bez-prowizji-CID3-ID19YGAM.html?search_reason=search%7Corganic,"Mieszkanie 2-pokojowe, ul. Obornicka - bez prowizji",2 300  zł,PLN,2300,"Wrocław, Stare Miasto - Dzisiaj o 06:24",,,2026-03-28T11:26:19.167Z,e9448fdd24fe8d7fec43c0b29b00735c9c58eaaee4a4f142c6f313b5d38aa988
c0d434e0-b939-4d3c-85ab-055e74b99035,olx.pl,flat_rental_listing,wroclaw,8,19YxWZ,https://www.olx.pl/d/oferta/wroclaw-kawalerka-ul-nowy-swiat-widok-na-stare-miasto-bezposrednio-CID3-ID19YxWZ.html?search_reason=search%7Cpromoted,"Wrocław, Kawalerka, ul.Nowy Świat, widok na Stare Miasto, bezpośrednio",1 900  zł,PLN,1900,"Wrocław, Stare Miasto - 27 marca 2026",,,2026-03-28T11:26:19.167Z,248c5da63cbb29e61c29104f7298ff4458afc55492ddb6bb1dc4776048a8f7e9
c0d434e0-b939-4d3c-85ab-055e74b99035,olx.pl,flat_rental_listing,wroclaw,8,19VGFX,https://www.olx.pl/d/oferta/stylowe-studio-z-duzym-tarasem-oraz-miejsec-w-garazu-zamkniete-osiedle-CID3-ID19VGFX.html?search_reason=search%7Cpromoted,Stylowe studio z duzym tarasem oraz miejsec w garazu-zamkniete osiedle,3 000  zł,PLN,3000,"Wrocław, Stabłowice - 25 marca 2026",,,2026-03-28T11:26:19.167Z,248c5da63cbb29e61c29104f7298ff4458afc55492ddb6bb1dc4776048a8f7e9
c0d434e0-b939-4d3c-85ab-055e74b99035,olx.pl,flat_rental_listing,wroclaw,8,19NAgI,https://www.olx.pl/d/oferta/mieszkanie-do-wynajecia-od-zaraz-CID3-ID19NAgI.html?search_reason=search%7Cpromoted,Mieszkanie do wynajecia od zaraz!,2 900  zł,PLN,2900,"Wrocław, Krzyki - Odświeżono dnia 26 marca 2026",,,2026-03-28T11:26:19.167Z,248c5da63cbb29e61c29104f7298ff4458afc55492ddb6bb1dc4776048a8f7e9
c0d434e0-b939-4d3c-85ab-055e74b99035,olx.pl,flat_rental_listing,wroclaw,8,19R8WH,https://www.olx.pl/d/oferta/mieszkanie-3-pokoje-wroclaw-krzyki-66-m-taras-CID3-ID19R8WH.html?search_reason=search%7Corganic,Mieszkanie 3 pokoje Wrocław-Krzyki | 66 m² | Taras,2 800  zł,PLN,2800,"Wrocław, Krzyki - 19 marca 2026",,,2026-03-28T11:26:19.167Z,248c5da63cbb29e61c29104f7298ff4458afc55492ddb6bb1dc4776048a8f7e9
c0d434e0-b939-4d3c-85ab-055e74b99035,olx.pl,flat_rental_listing,wroclaw,8,19MY6I,https://www.olx.pl/d/oferta/wynajem-mieszkania-CID3-ID19MY6I.html?search_reason=search%7Corganic,wynajem mieszkania,3 600  zł,PLN,3600,"Wrocław, Stare Miasto - 14 marca 2026",,,2026-03-28T11:26:19.167Z,248c5da63cbb29e61c29104f7298ff4458afc55492ddb6bb1dc4776048a8f7e9
c0d434e0-b939-4d3c-85ab-055e74b99035,olx.pl,flat_rental_listing,wroclaw,8,19K4J6,https://www.olx.pl/d/oferta/wynajem-mieszkania-CID3-ID19K4J6.html?search_reason=search%7Corganic,wynajem mieszkania,2 300  zł,PLN,2300,"Wrocław, Krzyki - 11 marca 2026",,,2026-03-28T11:26:19.167Z,248c5da63cbb29e61c29104f7298ff4458afc55492ddb6bb1dc4776048a8f7e9
c0d434e0-b939-4d3c-85ab-055e74b99035,olx.pl,flat_rental_listing,wroclaw,8,19yOup,https://www.olx.pl/d/oferta/mieszkanie-3-pokojowe-63-m-pelne-wyposazenie-wroclaw-kielczowska-CID3-ID19yOup.html?search_reason=search%7Corganic,"Mieszkanie 3-pokojowe 63 m² - pełne wyposażenie - Wrocław, Kiełczowska",2 850  zł,PLN,2850,"Wrocław, Psie Pole - Odświeżono dnia 13 marca 2026",,,2026-03-28T11:26:19.167Z,248c5da63cbb29e61c29104f7298ff4458afc55492ddb6bb1dc4776048a8f7e9
c0d434e0-b939-4d3c-85ab-055e74b99035,olx.pl,flat_rental_listing,wroclaw,8,19TVCi,https://www.olx.pl/d/oferta/wynajme-mieszkanie-bezposrednio-3-pokoje-69m2-wysoki-standard-3700zl-CID3-ID19TVCi.html?search_reason=search%7Corganic,"Wynajmę mieszkanie bezpośrednio 3 pokoje, 69m2, wysoki standard 3700zł",3700 zł,PLN,3700,"Wrocław, Fabryczna - Odświeżono dnia 26 marca 2026",,,2026-03-28T11:26:19.167Z,248c5da63cbb29e61c29104f7298ff4458afc55492ddb6bb1dc4776048a8f7e9
c0d434e0-b939-4d3c-85ab-055e74b99035,olx.pl,flat_rental_listing,wroclaw,8,19zj5C,https://www.olx.pl/d/oferta/dwupoziomowy-apartament-w-zielonej-okolicy-CID3-ID19zj5C.html?search_reason=search%7Corganic,Dwupoziomowy Apartament w Zielonej Okolicy!,3 500  zł,PLN,3500,"Wrocław, Krzyki - 27 lutego 2026",,,2026-03-28T11:26:19.167Z,248c5da63cbb29e61c29104f7298ff4458afc55492ddb6bb1dc4776048a8f7e9
c0d434e0-b939-4d3c-85ab-055e74b99035,olx.pl,flat_rental_listing,wroclaw,8,19So14,https://www.olx.pl/d/oferta/kawalerka-z-balkonem-27m2-akceptujemy-zwierzeta-nowy-budynek-CID3-ID19So14.html?search_reason=search%7Corganic,"Kawalerka z balkonem - 27m2 - akceptujemy zwierzęta, nowy budynek",2 650  zł,PLN,2650,"Wrocław, Fabryczna - 20 marca 2026",,,2026-03-28T11:26:19.167Z,248c5da63cbb29e61c29104f7298ff4458afc55492ddb6bb1dc4776048a8f7e9
c0d434e0-b939-4d3c-85ab-055e74b99035,olx.pl,flat_rental_listing,wroclaw,8,19O3VH,https://www.olx.pl/d/oferta/wynajme-mieszkanie-ul-zielinskiego-wroclaw-krzyki-CID3-ID19O3VH.html?search_reason=search%7Cpromoted,"Wynajmę mieszkanie, ul. Zielińskiego, Wrocław Krzyki",2 800  zł,PLN,2800,"Wrocław, Krzyki - 15 marca 2026",,,2026-03-28T11:26:19.167Z,248c5da63cbb29e61c29104f7298ff4458afc55492ddb6bb1dc4776048a8f7e9
c0d434e0-b939-4d3c-85ab-055e74b99035,olx.pl,flat_rental_listing,wroclaw,8,18NN9G,https://www.olx.pl/d/oferta/nowa-cena-2-pokoje-winda-nowa-kamienica-centrum-CID3-ID18NN9G.html?search_reason=search%7Cpromoted,nowa cena_2 pokoje_winda_nowa kamienica_centrum,2 500  zł,PLN,2500,"Wrocław, Śródmieście - 27 marca 2026",,,2026-03-28T11:26:19.167Z,248c5da63cbb29e61c29104f7298ff4458afc55492ddb6bb1dc4776048a8f7e9
c0d434e0-b939-4d3c-85ab-055e74b99035,olx.pl,flat_rental_listing,wroclaw,8,19TBZD,https://www.olx.pl/d/oferta/wynajem-mieszkania-podhalanska-CID3-ID19TBZD.html?search_reason=search%7Corganic,Wynajem mieszkania Podhalańska,4 000  zł,PLN,4000,"Wrocław, Fabryczna - 22 marca 2026",,,2026-03-28T11:26:19.167Z,248c5da63cbb29e61c29104f7298ff4458afc55492ddb6bb1dc4776048a8f7e9
c0d434e0-b939-4d3c-85ab-055e74b99035,olx.pl,flat_rental_listing,wroclaw,8,19DcEz,https://www.olx.pl/d/oferta/mieszkanie-do-wynajecia-od-01-05-czynsz-tylko-335-zl-CID3-ID19DcEz.html?search_reason=search%7Corganic,Mieszkanie do wynajęcia od 01.05-czynsz tylko 335 zl,2 400  zł,PLN,2400,"Wrocław, Śródmieście - 04 marca 2026",,,2026-03-28T11:26:19.167Z,248c5da63cbb29e61c29104f7298ff4458afc55492ddb6bb1dc4776048a8f7e9
c0d434e0-b939-4d3c-85ab-055e74b99035,olx.pl,flat_rental_listing,wroclaw,8,19EGEC,https://www.olx.pl/d/oferta/kawalerka-przy-ul-stalowej-CID3-ID19EGEC.html?search_reason=search%7Corganic,Kawalerka przy ul. Stalowej,2 350  zł,PLN,2350,"Wrocław, Fabryczna - Odświeżono dnia 25 marca 2026",,,2026-03-28T11:26:19.167Z,248c5da63cbb29e61c29104f7298ff4458afc55492ddb6bb1dc4776048a8f7e9
c0d434e0-b939-4d3c-85ab-055e74b99035,olx.pl,flat_rental_listing,wroclaw,8,17Gpjo,https://www.olx.pl/d/oferta/mieszanie-na-wynajem-w-swietnym-stanie-od-zaraz-CID3-ID17Gpjo.html?search_reason=search%7Corganic,Mieszanie na wynajem- w świetnym stanie - od zaraz),1 300  zł,PLN,1300,Nowa Sól - 10 marca 2026,,,2026-03-28T11:26:19.167Z,248c5da63cbb29e61c29104f7298ff4458afc55492ddb6bb1dc4776048a8f7e9
c0d434e0-b939-4d3c-85ab-055e74b99035,olx.pl,flat_rental_listing,wroclaw,8,17CrkP,https://www.olx.pl/d/oferta/mieszkanie-do-wynajecia-jagodno-wroclaw-CID3-ID17CrkP.html?search_reason=search%7Cpromoted,"Mieszkanie do wynajęcia - Jagodno, Wrocław",2 700  zł,PLN,2700,"Wrocław, Krzyki - Odświeżono dnia 27 marca 2026",,,2026-03-28T11:26:19.167Z,248c5da63cbb29e61c29104f7298ff4458afc55492ddb6bb1dc4776048a8f7e9
c0d434e0-b939-4d3c-85ab-055e74b99035,olx.pl,flat_rental_listing,wroclaw,8,19Rdrw,https://www.olx.pl/d/oferta/nowoczesne-2-pok-mieszkanie-z-osobna-kuchnia-bezposrednio-jaworska-CID3-ID19Rdrw.html?search_reason=search%7Cpromoted,Nowoczesne 2-pok mieszkanie z osobną kuchnią | Bezpośrednio | Jaworska,2 600  zł,PLN,2600,"Wrocław, Stare Miasto - Odświeżono dnia 27 marca 2026",,,2026-03-28T11:26:19.167Z,248c5da63cbb29e61c29104f7298ff4458afc55492ddb6bb1dc4776048a8f7e9
c0d434e0-b939-4d3c-85ab-055e74b99035,olx.pl,flat_rental_listing,wroclaw,8,19OMDP,https://www.olx.pl/d/oferta/wynajmepiekne-mieszkanie-3-pokoje-balkon-miejscepostoj-highstandard-CID3-ID19OMDP.html?search_reason=search%7Cpromoted,"WynajmęPiękne Mieszkanie 3 Pokoje, Balkon, MiejscePostoj.,HighStandard",3 295  zł,PLN,3295,"Wrocław, Krzyki - Odświeżono dzisiaj o 10:08",,,2026-03-28T11:26:19.167Z,248c5da63cbb29e61c29104f7298ff4458afc55492ddb6bb1dc4776048a8f7e9
c0d434e0-b939-4d3c-85ab-055e74b99035,olx.pl,flat_rental_listing,wroclaw,8,19JWVI,https://www.olx.pl/d/oferta/mieszkanie-dwupokojowe-CID3-ID19JWVI.html?search_reason=search%7Corganic,Mieszkanie dwupokojowe,3 500  zł,PLN,3500,"Wrocław, Stare Miasto - 11 marca 2026",,,2026-03-28T11:26:19.167Z,248c5da63cbb29e61c29104f7298ff4458afc55492ddb6bb1dc4776048a8f7e9
c0d434e0-b939-4d3c-85ab-055e74b99035,olx.pl,flat_rental_listing,wroclaw,8,19Jzs1,https://www.olx.pl/d/oferta/komfortowe-3-pok-mieszkanie-z-klimatyzacja-i-balkonem-kamienskiego-CID3-ID19Jzs1.html?search_reason=search%7Corganic,Komfortowe 3-pok. mieszkanie z klimatyzacją i balkonem - Kamieńskiego,3 000  zł,PLN,3000,"Wrocław, Śródmieście - Odświeżono dnia 25 marca 2026",,,2026-03-28T11:26:19.167Z,248c5da63cbb29e61c29104f7298ff4458afc55492ddb6bb1dc4776048a8f7e9
c0d434e0-b939-4d3c-85ab-055e74b99035,olx.pl,flat_rental_listing,wroclaw,8,17Aw33,https://www.olx.pl/d/oferta/studio-kawalerka-na-wynajem-wroclaw-ul-krzywoustego-od-17-03-2026-CID3-ID17Aw33.html?search_reason=search%7Corganic,Studio/Kawalerka na wynajem Wrocław - ul. Krzywoustego od 17.03.2026,1 950  zł,PLN,1950,"Wrocław, Psie Pole - 27 marca 2026",,,2026-03-28T11:26:19.167Z,248c5da63cbb29e61c29104f7298ff4458afc55492ddb6bb1dc4776048a8f7e9
c0d434e0-b939-4d3c-85ab-055e74b99035,olx.pl,flat_rental_listing,wroclaw,8,19Afox,https://www.olx.pl/d/oferta/wynajem-mieszkania-wroclaw-ul-kromera-CID3-ID19Afox.html?search_reason=search%7Corganic,Wynajem mieszkania Wrocław ul. Kromera,2 500  zł,PLN,2500,"Wrocław, Psie Pole - 28 lutego 2026",,,2026-03-28T11:26:19.167Z,248c5da63cbb29e61c29104f7298ff4458afc55492ddb6bb1dc4776048a8f7e9
c0d434e0-b939-4d3c-85ab-055e74b99035,olx.pl,flat_rental_listing,wroclaw,9,19ONde,https://www.olx.pl/d/oferta/nowoczesne-2-pokojowe-mieszkanie-do-wynajecia-krzyki-wroclaw-CID3-ID19ONde.html?search_reason=search%7Cpromoted,"Nowoczesne 2-pokojowe mieszkanie do wynajęcia, Krzyki, Wrocław",2 500  zł,PLN,2500,"Wrocław, Krzyki - Odświeżono dnia 22 marca 2026",,,2026-03-28T11:26:19.167Z,89c2a946358c340f4cea605bd88607c6debe853d1c8cbacb56dd07c0a9921998
c0d434e0-b939-4d3c-85ab-055e74b99035,olx.pl,flat_rental_listing,wroclaw,9,19IVjR,https://www.olx.pl/d/oferta/luksusowe-mieszkanie-z-widokiem-na-odre-3-pokoje-i-2-lazienki-ru-CID3-ID19IVjR.html?search_reason=search%7Corganic,Luksusowe Mieszkanie z Widokiem na Odrę/ 3 pokoje i 2 łazienki / RU,13 000  zł,PLN,13000,"Wrocław, Stare Miasto - 10 marca 2026",,,2026-03-28T11:26:19.167Z,89c2a946358c340f4cea605bd88607c6debe853d1c8cbacb56dd07c0a9921998
c0d434e0-b939-4d3c-85ab-055e74b99035,olx.pl,flat_rental_listing,wroclaw,9,19zgpg,https://www.olx.pl/d/oferta/mieszkanie-wroclaw-kozanow-2-pokoje-z-osobna-kuchnia-przy-parku-CID3-ID19zgpg.html?search_reason=search%7Corganic,Mieszkanie Wrocław Kozanów 2 pokoje z osobną kuchnią przy parku,2 500  zł,PLN,2500,"Wrocław, Fabryczna - 27 lutego 2026",,,2026-03-28T11:26:19.167Z,89c2a946358c340f4cea605bd88607c6debe853d1c8cbacb56dd07c0a9921998
c0d434e0-b939-4d3c-85ab-055e74b99035,olx.pl,flat_rental_listing,wroclaw,9,19WrNn,https://www.olx.pl/d/oferta/nowoczesne-mieszkanie-w-centrum-CID3-ID19WrNn.html?search_reason=search%7Cpromoted,Nowoczesne mieszkanie w centrum,4 300  zł,PLN,4300,"Wrocław, Krzyki - 24 marca 2026",,,2026-03-28T11:26:19.167Z,89c2a946358c340f4cea605bd88607c6debe853d1c8cbacb56dd07c0a9921998
c0d434e0-b939-4d3c-85ab-055e74b99035,olx.pl,flat_rental_listing,wroclaw,9,19Dxzx,https://www.olx.pl/d/oferta/widok-na-park-nowy-budynek-balkon-CID3-ID19Dxzx.html?search_reason=search%7Cpromoted,Widok na park | Nowy budynek | Balkon,2 500  zł,PLN,2500,"Wrocław, Fabryczna - Odświeżono dnia 27 marca 2026",,,2026-03-28T11:26:19.167Z,89c2a946358c340f4cea605bd88607c6debe853d1c8cbacb56dd07c0a9921998
c0d434e0-b939-4d3c-85ab-055e74b99035,olx.pl,flat_rental_listing,wroclaw,9,19CHud,https://www.olx.pl/d/oferta/do-wynajecia-przytulne-mieszkanie-we-wroclawiu-CID3-ID19CHud.html?search_reason=search%7Corganic,Do wynajęcia przytulne mieszkanie we Wrocławiu,3 200  zł,PLN,3200,"Wrocław, Fabryczna - 03 marca 2026",,,2026-03-28T11:26:19.167Z,89c2a946358c340f4cea605bd88607c6debe853d1c8cbacb56dd07c0a9921998
c0d434e0-b939-4d3c-85ab-055e74b99035,olx.pl,flat_rental_listing,wroclaw,9,19Tl4N,https://www.olx.pl/d/oferta/pl-ru-ua-eng-bezposrednio-kepa-mieszczanska-mieszkanie-2-pok-32-m2-CID3-ID19Tl4N.html?search_reason=search%7Cpromoted,PL/RU/UA/ENG BEZPOŚREDNIO Kępa Mieszczańska mieszkanie 2 pok. 32 m2,2 800  zł,PLN,2800,"Wrocław, Stare Miasto - 21 marca 2026",,,2026-03-28T11:26:19.167Z,89c2a946358c340f4cea605bd88607c6debe853d1c8cbacb56dd07c0a9921998
c0d434e0-b939-4d3c-85ab-055e74b99035,olx.pl,flat_rental_listing,wroclaw,9,19WpGa,https://www.olx.pl/d/oferta/mieszkanie-do-wynajecia-od-1-kwietnia-40m2-opolska-wroclaw-CID3-ID19WpGa.html?search_reason=search%7Corganic,"Mieszkanie do wynajęcia od 1 kwietnia, 40m2, Opolska , Wrocław",3 100  zł,PLN,3100,"Wrocław, Krzyki - 24 marca 2026",,,2026-03-28T11:26:19.167Z,89c2a946358c340f4cea605bd88607c6debe853d1c8cbacb56dd07c0a9921998
c0d434e0-b939-4d3c-85ab-055e74b99035,olx.pl,flat_rental_listing,wroclaw,9,19HQXh,https://www.olx.pl/d/oferta/kawalerka-35m2-w-domku-wroclaw-dzielnica-fabryczna-CID3-ID19HQXh.html?search_reason=search%7Corganic,Kawalerka 35m2 w domku Wroclaw -dzielnica Fabryczna,1 800  zł,PLN,1800,"Wrocław, Stabłowice - 09 marca 2026",,,2026-03-28T11:26:19.167Z,89c2a946358c340f4cea605bd88607c6debe853d1c8cbacb56dd07c0a9921998
c0d434e0-b939-4d3c-85ab-055e74b99035,olx.pl,flat_rental_listing,wroclaw,9,19Vd4w,https://www.olx.pl/d/oferta/wynajem-mieszkania-wroclaw-psie-pole-ul-gorlicka-CID3-ID19Vd4w.html?search_reason=search%7Corganic,Wynajem mieszkania - Wrocław Psie Pole ul. Gorlicka,2 350  zł,PLN,2350,"Wrocław, Psie Pole - 25 marca 2026",,,2026-03-28T11:26:19.167Z,89c2a946358c340f4cea605bd88607c6debe853d1c8cbacb56dd07c0a9921998
c0d434e0-b939-4d3c-85ab-055e74b99035,olx.pl,flat_rental_listing,wroclaw,9,19TVCi,https://www.olx.pl/d/oferta/wynajme-mieszkanie-bezposrednio-3-pokoje-69m2-wysoki-standard-3700zl-CID3-ID19TVCi.html?search_reason=search%7Cpromoted,"Wynajmę mieszkanie bezpośrednio 3 pokoje, 69m2, wysoki standard 3700zł",3700 zł,PLN,3700,"Wrocław, Fabryczna - Odświeżono dnia 26 marca 2026",,,2026-03-28T11:26:19.167Z,89c2a946358c340f4cea605bd88607c6debe853d1c8cbacb56dd07c0a9921998
c0d434e0-b939-4d3c-85ab-055e74b99035,olx.pl,flat_rental_listing,wroclaw,9,19TJyY,https://www.olx.pl/d/oferta/9-minut-piechota-do-rynku-wroclawskiego-kawalerka-CID3-ID19TJyY.html?search_reason=search%7Cpromoted,9 minut piechotą do Rynku Wrocławskiego! Kawalerka,2 190  zł,PLN,2190,"Wrocław, Śródmieście - Odświeżono dnia 26 marca 2026",,,2026-03-28T11:26:19.167Z,89c2a946358c340f4cea605bd88607c6debe853d1c8cbacb56dd07c0a9921998
c0d434e0-b939-4d3c-85ab-055e74b99035,olx.pl,flat_rental_listing,wroclaw,9,19LhoX,https://www.olx.pl/d/oferta/rewelacyjne-mieszkanie-z-tarasem-i-garazem-na-granicznej-CID3-ID19LhoX.html?search_reason=search%7Corganic,Rewelacyjne mieszkanie z tarasem i garażem na Granicznej,2 600  zł,PLN,2600,"Wrocław, Fabryczna - 12 marca 2026",,,2026-03-28T11:26:19.167Z,89c2a946358c340f4cea605bd88607c6debe853d1c8cbacb56dd07c0a9921998
c0d434e0-b939-4d3c-85ab-055e74b99035,olx.pl,flat_rental_listing,wroclaw,9,19yT8y,https://www.olx.pl/d/oferta/wroclaw-centrum-mieszkanie-2-pokojowe-do-wynajecia-zaolzianska-4a-CID3-ID19yT8y.html?search_reason=search%7Corganic,Wrocław Centrum - Mieszkanie 2-pokojowe do wynajęcia Zaolziańska 4a,2 200  zł,PLN,2200,"Wrocław, Stare Miasto - 27 lutego 2026",,,2026-03-28T11:26:19.167Z,89c2a946358c340f4cea605bd88607c6debe853d1c8cbacb56dd07c0a9921998
c0d434e0-b939-4d3c-85ab-055e74b99035,olx.pl,flat_rental_listing,wroclaw,9,19PSkT,https://www.olx.pl/d/oferta/biskupin-2-pokojowe-sloneczne-mieszkanie-z-osobna-kuchnia-i-balkonem-CID3-ID19PSkT.html?search_reason=search%7Corganic,"Biskupin, 2 pokojowe, słoneczne mieszkanie z osobną kuchnią i balkonem",3 300  zł,PLN,3300,"Wrocław, Śródmieście - 17 marca 2026",,,2026-03-28T11:26:19.167Z,89c2a946358c340f4cea605bd88607c6debe853d1c8cbacb56dd07c0a9921998
c0d434e0-b939-4d3c-85ab-055e74b99035,olx.pl,flat_rental_listing,wroclaw,9,19RdPp,https://www.olx.pl/d/oferta/3-pok-akceptujemy-zwierzeta-bezposrednio-wroclaw-CID3-ID19RdPp.html?search_reason=search%7Corganic,3 pok. akceptujemy zwierzęta | Bezpośrednio | Wrocław,3 460  zł,PLN,3460,"Wrocław, Stare Miasto - Odświeżono dnia 27 marca 2026",,,2026-03-28T11:26:19.167Z,89c2a946358c340f4cea605bd88607c6debe853d1c8cbacb56dd07c0a9921998
c0d434e0-b939-4d3c-85ab-055e74b99035,olx.pl,flat_rental_listing,wroclaw,10,19qkWR,https://www.olx.pl/d/oferta/dwa-pokoje-super-lokazlizacja-CID3-ID19qkWR.html?search_reason=search%7Cpromoted,"Dwa pokoje, super lokazlizacja",2 600  zł,PLN,2600,"Wrocław, Śródmieście - 26 marca 2026",,,2026-03-28T11:26:19.167Z,9865ff053751566c2694b19d5c9a941564b776d788e0b592a34ce97f3594f86b
c0d434e0-b939-4d3c-85ab-055e74b99035,olx.pl,flat_rental_listing,wroclaw,10,19oyiP,https://www.olx.pl/d/oferta/mieszkanie-na-wynajem-ul-inzynierska-wroclaw-CID3-ID19oyiP.html?search_reason=search%7Corganic,Mieszkanie  na wynajem ul.  Inzynierska WROCŁAW,3 750  zł,PLN,3750,"Wrocław, Stare Miasto - Odświeżono dnia 23 marca 2026",,,2026-03-28T11:26:19.167Z,9865ff053751566c2694b19d5c9a941564b776d788e0b592a34ce97f3594f86b
c0d434e0-b939-4d3c-85ab-055e74b99035,olx.pl,flat_rental_listing,wroclaw,10,19WH9b,https://www.olx.pl/d/oferta/na-wynajem-mieszkanie-2-pokojowe-traugutta-niskie-laki-CID3-ID19WH9b.html?search_reason=search%7Corganic,"Na wynajem – mieszkanie 2-pokojowe (Traugutta , Niskie Łąki)",2 500  zł,PLN,2500,"Wrocław, Śródmieście - Odświeżono dnia 27 marca 2026",,,2026-03-28T11:26:19.167Z,9865ff053751566c2694b19d5c9a941564b776d788e0b592a34ce97f3594f86b
c0d434e0-b939-4d3c-85ab-055e74b99035,olx.pl,flat_rental_listing,wroclaw,10,19WrAP,https://www.olx.pl/d/oferta/kawalerka-w-scislym-centrum-wroclawia-CID3-ID19WrAP.html?search_reason=search%7Cpromoted,Kawalerka w ścisłym centrum Wrocławia,2 000  zł,PLN,2000,"Wrocław, Stare Miasto - Odświeżono dzisiaj o 10:33",,,2026-03-28T11:26:19.167Z,9865ff053751566c2694b19d5c9a941564b776d788e0b592a34ce97f3594f86b
c0d434e0-b939-4d3c-85ab-055e74b99035,olx.pl,flat_rental_listing,wroclaw,10,19Subg,https://www.olx.pl/d/oferta/duze-sloneczne-mieszkanie-2-pokoje-sienkiewicza-wroclaw-srodmiescie-CID3-ID19Subg.html?search_reason=search%7Cpromoted,DUŻE słoneczne mieszkanie 2 pokoje  Sienkiewicza Wrocław Śródmieście,3 000  zł,PLN,3000,"Wrocław, Śródmieście - Odświeżono dnia 26 marca 2026",,,2026-03-28T11:26:19.167Z,9865ff053751566c2694b19d5c9a941564b776d788e0b592a34ce97f3594f86b
c0d434e0-b939-4d3c-85ab-055e74b99035,olx.pl,flat_rental_listing,wroclaw,10,17hvWm,https://www.olx.pl/d/oferta/klimasa-tarnogaj-elegancki-apartament-z-balkonem-garaz-komorka-CID3-ID17hvWm.html?search_reason=search%7Cpromoted,"Klimasa, Tarnogaj, Elegancki apartament z balkonem + garaż + komórka",2 700  zł,PLN,2700,"Wrocław, Krzyki - 27 marca 2026",,,2026-03-28T11:26:19.167Z,9865ff053751566c2694b19d5c9a941564b776d788e0b592a34ce97f3594f86b
c0d434e0-b939-4d3c-85ab-055e74b99035,olx.pl,flat_rental_listing,wroclaw,10,19TD9J,https://www.olx.pl/d/oferta/wynajem-mieszkania-wroclaw-popowice-CID3-ID19TD9J.html?search_reason=search%7Corganic,Wynajem mieszkania Wrocław- Popowice,5 000  zł,PLN,5000,"Wrocław, Fabryczna - Odświeżono dzisiaj o 11:19",,,2026-03-28T11:26:19.167Z,9865ff053751566c2694b19d5c9a941564b776d788e0b592a34ce97f3594f86b
c0d434e0-b939-4d3c-85ab-055e74b99035,olx.pl,flat_rental_listing,wroclaw,10,19Ia0K,https://www.olx.pl/d/oferta/jasna-kawalerka-30-m-z-balkonem-krzyki-komorka-lokatorska-CID3-ID19Ia0K.html?search_reason=search%7Corganic,Jasna kawalerka 30 m² z balkonem – Krzyki + komórka lokatorska,2 100  zł,PLN,2100,"Wrocław, Krzyki - Odświeżono dnia 23 marca 2026",,,2026-03-28T11:26:19.167Z,9865ff053751566c2694b19d5c9a941564b776d788e0b592a34ce97f3594f86b
c0d434e0-b939-4d3c-85ab-055e74b99035,olx.pl,flat_rental_listing,wroclaw,10,19YGUv,https://www.olx.pl/d/oferta/wynajme-kawalerke-pow-37-m2-w-kamienicy-ul-zeromskiego-wroclaw-CID3-ID19YGUv.html?search_reason=search%7Corganic,Wynajmę kawalerkę pow. 37 m2 w kamienicy ul. Żeromskiego ‎Wrocław,2 000  zł,PLN,2000,"Wrocław, Śródmieście - Dzisiaj o 06:47",,,2026-03-28T11:26:19.167Z,9865ff053751566c2694b19d5c9a941564b776d788e0b592a34ce97f3594f86b
c0d434e0-b939-4d3c-85ab-055e74b99035,olx.pl,flat_rental_listing,wroclaw,10,19Mk0T,https://www.olx.pl/d/oferta/mieszkaj-komfortowo-w-parku-CID3-ID19Mk0T.html?search_reason=search%7Corganic,Mieszkaj komfortowo w parku,3 900  zł,PLN,3900,"Wrocław, Stare Miasto - Odświeżono dnia 19 marca 2026",,,2026-03-28T11:26:19.167Z,9865ff053751566c2694b19d5c9a941564b776d788e0b592a34ce97f3594f86b
c0d434e0-b939-4d3c-85ab-055e74b99035,olx.pl,flat_rental_listing,wroclaw,10,19YMQb,https://www.olx.pl/d/oferta/wynajme-mieszkanie-z-miejscem-parkingowym-CID3-ID19YMQb.html?search_reason=search%7Corganic,Wynajmę  mieszkanie z miejscem parkingowym,3 200  zł,PLN,3200,"Wrocław, Krzyki - Dzisiaj o 09:36",,,2026-03-28T11:26:19.167Z,9865ff053751566c2694b19d5c9a941564b776d788e0b592a34ce97f3594f86b
c0d434e0-b939-4d3c-85ab-055e74b99035,olx.pl,flat_rental_listing,wroclaw,10,19CrTo,https://www.olx.pl/d/oferta/stylowy-2-pok-apartament-balkon-parking-CID3-ID19CrTo.html?search_reason=search%7Corganic,Stylowy 2 pok apartament | Balkon | Parking,2 650  zł,PLN,2650,"Wrocław, Krzyki - 03 marca 2026",,,2026-03-28T11:26:19.167Z,9865ff053751566c2694b19d5c9a941564b776d788e0b592a34ce97f3594f86b
c0d434e0-b939-4d3c-85ab-055e74b99035,olx.pl,flat_rental_listing,wroclaw,10,19J21Y,https://www.olx.pl/d/oferta/pokoj-na-wynajem-CID3-ID19J21Y.html?search_reason=search%7Corganic,Pokój na wynajem,1 417  zł,PLN,1417,"Wrocław, Stare Miasto - 10 marca 2026",,,2026-03-28T11:26:19.167Z,9865ff053751566c2694b19d5c9a941564b776d788e0b592a34ce97f3594f86b
c0d434e0-b939-4d3c-85ab-055e74b99035,olx.pl,flat_rental_listing,wroclaw,10,19CC5p,https://www.olx.pl/d/oferta/2-oddzielne-pokoje-pets-friendly-bez-prowizji-od-zaraz-CID3-ID19CC5p.html?search_reason=search%7Cpromoted,2 Oddzielne Pokoje | Pets Friendly | Bez Prowizji | Od Zaraz,2 500  zł,PLN,2500,"Wrocław, Fabryczna - Odświeżono dnia 19 marca 2026",,,2026-03-28T11:26:19.167Z,9865ff053751566c2694b19d5c9a941564b776d788e0b592a34ce97f3594f86b
c0d434e0-b939-4d3c-85ab-055e74b99035,olx.pl,flat_rental_listing,wroclaw,10,19BOEn,https://www.olx.pl/d/oferta/3-pokoje-garaz-kom-lokatorska-w-cenie-biskupin-CID3-ID19BOEn.html?search_reason=search%7Corganic,"3 pokoje, garaż + kom. lokatorska w cenie Biskupin",3 300  zł,PLN,3300,"Wrocław, Śródmieście - 02 marca 2026",,,2026-03-28T11:26:19.167Z,9865ff053751566c2694b19d5c9a941564b776d788e0b592a34ce97f3594f86b
c0d434e0-b939-4d3c-85ab-055e74b99035,olx.pl,flat_rental_listing,wroclaw,10,19YKDm,https://www.olx.pl/d/oferta/cozy-studio-20min-to-the-market-sq-przytulne-studio-20-min-do-rynku-CID3-ID19YKDm.html?search_reason=search%7Corganic,"Cozy Studio, 20min.to the Market Sq./ Przytulne studio,20 min.do Rynku",1 650  zł,PLN,1650,"Wrocław, Stare Miasto - Dzisiaj o 08:53",,,2026-03-28T11:26:19.167Z,9865ff053751566c2694b19d5c9a941564b776d788e0b592a34ce97f3594f86b
c0d434e0-b939-4d3c-85ab-055e74b99035,olx.pl,flat_rental_listing,wroclaw,10,19zQP0,https://www.olx.pl/d/oferta/wynajem-kawalerka-mieszkanie-szpital-kamienskiego-psie-pole-kaucja-0zl-CID3-ID19zQP0.html?search_reason=search%7Corganic,Wynajem Kawalerka Mieszkanie Szpital Kamieńskiego Psie Pole Kaucja 0zł,1 950  zł,PLN,1950,"Wrocław, Psie Pole - 28 lutego 2026",,,2026-03-28T11:26:19.167Z,9865ff053751566c2694b19d5c9a941564b776d788e0b592a34ce97f3594f86b
